beds,baths,size,lot_size,price
3,2.5,2590.0,6000.0,795000.0
4,2.0,2240.0,0.31,915000.0
4,3.0,2040.0,3783.0,950000.0
4,3.0,3800.0,5175.0,1950000.0
2,2.0,1042.0,0.0,950000.0
2,2.0,1190.0,1.0,740000.0
1,1.0,670.0,6000.0,460000.0
5,3.5,4510.0,6000.0,3150000.0
3,2.5,1520.0,741.0,565000.0
4,2.0,2340.0,9500.0,699000.0
3,2.0,1320.0,1386.0,899000.0
3,2.0,1800.0,3993.0,1050000.0
3,2.5,2490.0,5757.0,935625.0
4,3.0,2650.0,6380.0,1511000.0
5,1.5,2560.0,5200.0,1330000.0
2,1.5,900.0,0.0,549755.0
3,3.5,1360.0,0.0,700000.0
1,1.0,550.0,0.0,330000.0
3,2.5,2974.0,3840.0,1750000.0
4,3.5,1989.0,1607.0,980000.0
2,2.0,1332.0,1101.0,845000.0
4,3.0,2668.0,5589.0,1213000.0
2,1.0,770.0,5250.0,530000.0
3,1.5,1280.0,9100.0,625000.0
5,3.5,3200.0,9260.0,1275000.0
2,1.5,889.0,0.23,680000.0
1,1.0,508.0,0.0,325000.0
3,2.0,3140.0,5000.0,1219700.0
4,2.0,2000.0,8077.0,907200.0
1,1.0,792.0,0.0,517000.0
3,2.5,1690.0,1733.0,760000.0
4,5.5,3000.0,5520.0,1484000.0
3,3.0,1550.0,1400.0,950000.0
2,2.0,871.0,0.29,430000.0
4,1.5,1940.0,8778.0,520000.0
1,1.0,474.0,0.0,335000.0
3,2.0,1770.0,3349.0,805000.0
5,5.0,2510.0,0.27,1000000.0
1,1.0,750.0,0.0,375000.0
1,1.0,573.0,0.0,390000.0
3,2.5,1500.0,1056.0,1070000.0
5,4.0,2920.0,6323.0,948000.0
3,2.0,2817.0,6375.0,912000.0
1,1.0,617.0,0.49,480000.0
2,2.0,1280.0,3000.0,776000.0
2,2.0,1523.0,0.0,1395000.0
2,1.0,1240.0,5038.0,750000.0
4,2.5,2280.0,3932.0,1065000.0
5,3.5,3590.0,0.36,2350000.0
4,3.5,2478.0,2761.0,1580000.0
3,3.0,2360.0,6600.0,1775000.0
2,1.0,720.0,7500.0,600000.0
3,2.0,2480.0,5829.0,800000.0
3,2.0,1550.0,6720.0,1100000.0
2,1.0,780.0,3060.0,750000.0
5,3.0,2820.0,6250.0,865000.0
5,3.0,2900.0,3600.0,1450000.0
2,2.0,1092.0,5500.0,829000.0
3,2.0,1731.0,7514.0,575000.0
3,2.5,1500.0,8240.0,860000.0
2,2.5,1344.0,1110.0,770000.0
4,5.5,4040.0,8965.0,5495000.0
5,3.0,2320.0,0.27,560000.0
5,3.0,2820.0,6250.0,900000.0
3,1.0,1070.0,3840.0,575000.0
2,1.0,1113.0,0.0,595000.0
4,2.0,2100.0,4864.0,950000.0
3,2.5,2620.0,4080.0,1300000.0
3,2.0,1270.0,1333.0,727000.0
3,2.0,2702.0,6600.0,1605000.0
4,3.5,2031.0,1.0,1480000.0
3,2.0,2350.0,7320.0,888000.0
4,1.5,2640.0,7440.0,1850000.0
3,1.5,1340.0,5120.0,615000.0
6,3.5,8660.0,0.28,4100000.0
2,2.5,1365.0,0.0,525000.0
1,1.0,635.0,0.0,509950.0
3,1.0,1800.0,0.27,549000.0
2,1.0,870.0,6554.0,555000.0
3,3.5,1510.0,1239.0,660000.0
3,1.0,1120.0,6096.0,615000.0
4,2.5,2580.0,0.26,1635000.0
2,2.0,875.0,0.0,420000.0
3,4.0,2220.0,974.0,1650000.0
1,1.0,607.0,0.0,427000.0
3,2.0,1496.0,1.0,910000.0
4,3.5,2670.0,3405.0,1022700.0
2,1.5,1810.0,6827.0,925000.0
1,1.0,582.0,0.5,360000.0
2,2.0,1006.0,0.0,928000.0
3,5.5,1530.0,1336.0,635000.0
2,1.0,820.0,5100.0,490000.0
3,2.0,1960.0,5000.0,950000.0
4,3.0,2110.0,0.24,760000.0
4,3.5,3010.0,4000.0,985000.0
3,1.0,2200.0,5000.0,1250000.0
3,2.5,1820.0,4.05,690000.0
4,4.0,3040.0,4000.0,1585000.0
3,2.0,1800.0,6180.0,936000.0
1,1.0,800.0,0.0,450000.0
3,3.0,1450.0,525.0,750000.0
1,1.0,756.0,0.0,550000.0
1,1.0,742.0,0.0,354000.0
4,2.0,2400.0,5400.0,1385000.0
2,2.0,1607.0,0.0,1865000.0
4,3.5,3057.0,7650.0,1800000.0
1,1.0,649.0,0.0,346600.0
4,4.0,3142.0,6000.0,1600000.0
3,1.0,1050.0,3750.0,399950.0
3,2.0,1720.0,5000.0,855000.0
3,3.5,2650.0,8500.0,1095000.0
2,1.5,2680.0,6000.0,1125000.0
4,2.5,2550.0,5000.0,1560000.0
9,4.0,3800.0,6000.0,1343000.0
2,2.0,1320.0,0.0,525000.0
4,2.0,1910.0,6000.0,630000.0
2,1.0,773.0,0.25,360000.0
1,1.0,589.0,0.0,375000.0
1,1.0,510.0,0.0,302500.0
4,3.5,2661.0,4081.0,1165000.0
2,2.0,843.0,0.0,346250.0
4,3.0,2250.0,5250.0,1150000.0
4,1.5,2080.0,5000.0,950000.0
3,3.5,1370.0,982.0,699500.0
1,1.0,699.0,4.27,335000.0
2,3.0,1840.0,9420.0,800000.0
4,3.5,3040.0,0.39,1495000.0
2,1.0,858.0,0.0,500000.0
5,8.5,3110.0,4455.0,1606500.0
2,2.0,1147.0,564.0,749950.0
2,1.0,868.0,0.0,415000.0
2,2.5,1538.0,900.0,895000.0
2,1.0,1480.0,4600.0,720000.0
2,2.0,932.0,0.0,435000.0
2,2.0,981.0,0.0,450000.0
2,2.0,866.0,649.0,555000.0
4,3.5,2000.0,1532.0,870000.0
3,3.5,1470.0,1375.0,845000.0
2,2.0,1840.0,5000.0,1200000.0
4,2.0,2230.0,5940.0,925000.0
2,1.5,1290.0,1332.0,795000.0
3,2.5,1670.0,0.0,600000.0
1,1.0,630.0,0.24,459000.0
3,2.0,1880.0,3200.0,911000.0
2,2.0,1188.0,0.0,1350000.0
2,1.5,1300.0,3146.0,570288.0
1,1.0,857.0,0.0,529000.0
2,2.0,1071.0,1.54,605000.0
5,4.0,2810.0,5000.0,1295000.0
4,2.5,2400.0,3200.0,1595000.0
3,3.5,1670.0,0.0,600000.0
3,2.5,2734.0,4000.0,1605200.0
3,2.5,1670.0,1687.0,865000.0
3,3.0,1530.0,2260.0,745000.0
4,1.0,1720.0,2835.0,543750.0
3,1.0,1200.0,5786.0,1099950.0
5,3.0,2030.0,5046.0,905000.0
3,2.0,2370.0,4865.0,1200000.0
3,1.5,1720.0,3825.0,825000.0
1,1.0,813.0,0.24,680000.0
3,2.0,1590.0,8937.0,720000.0
1,1.0,626.0,0.0,389200.0
2,1.0,840.0,4000.0,489000.0
2,2.0,1030.0,0.0,575000.0
5,2.5,2870.0,8741.0,520000.0
1,1.0,792.0,0.0,675000.0
2,1.5,994.0,1494.0,580000.0
3,2.0,1630.0,6000.0,630000.0
3,1.5,1172.0,0.0,685000.0
3,2.0,1806.0,4400.0,799000.0
4,2.5,3060.0,4590.0,1450000.0
5,3.5,3820.0,7200.0,1350000.0
2,2.0,1328.0,0.0,510000.0
3,2.5,2350.0,7200.0,1582800.0
3,2.5,2080.0,9880.0,977000.0
3,1.0,1000.0,5960.0,710000.0
2,1.5,1131.0,1.0,685000.0
4,3.0,2230.0,9625.0,1205000.0
5,3.0,3130.0,5750.0,2095000.0
5,3.0,3750.0,5000.0,1580000.0
2,2.0,1080.0,0.0,450000.0
2,2.0,1720.0,5000.0,985000.0
1,1.0,854.0,0.0,455000.0
3,2.0,1286.0,870.0,738000.0
2,1.5,1230.0,0.0,650000.0
2,1.0,1422.0,3399.0,715000.0
4,3.5,3956.0,0.29,3200000.0
6,5.0,3620.0,5500.0,1420000.0
3,1.5,1370.0,6556.0,659950.0
1,1.0,700.0,0.0,325100.0
2,3.0,1824.0,0.37,2458000.0
1,1.0,956.0,0.0,870000.0
4,2.0,2370.0,5000.0,1350000.0
4,2.5,2200.0,5146.0,825000.0
6,3.0,3020.0,0.75,775000.0
5,3.0,3400.0,0.43,756500.0
3,1.0,1660.0,4349.0,749900.0
4,2.0,2080.0,7200.0,675000.0
2,1.5,917.0,0.0,625000.0
2,1.0,900.0,6150.0,480000.0
4,4.5,3960.0,7025.0,2485000.0
1,1.0,889.0,0.0,723000.0
5,3.5,3310.0,6328.0,1575000.0
1,1.0,621.0,0.31,289900.0
3,3.5,1467.0,0.0,859990.0
4,2.0,1910.0,5166.0,685000.0
3,2.5,1563.0,1950.0,839950.0
5,3.5,3340.0,0.24,980000.0
4,3.0,2390.0,3600.0,1300000.0
2,1.5,1131.0,1.0,670000.0
2,2.0,1201.0,720.0,699950.0
3,3.0,1940.0,5000.0,450000.0
1,1.0,519.0,0.0,354000.0
2,1.0,1760.0,4625.0,715000.0
4,3.0,1680.0,3080.0,905000.0
2,2.0,1192.0,928.0,719950.0
4,4.0,2300.0,3589.0,1440000.0
3,2.5,2304.0,5000.0,1100000.0
4,4.0,2650.0,6000.0,1000000.0
5,4.0,4210.0,5200.0,2625000.0
4,3.0,2840.0,9996.0,1350000.0
2,1.0,980.0,4100.0,863000.0
4,4.5,2440.0,5000.0,1900000.0
2,2.0,1140.0,2550.0,590000.0
4,3.5,1824.0,3250.0,1299000.0
2,2.0,1115.0,0.96,1069000.0
4,3.0,2478.0,4001.0,2095000.0
2,2.0,1140.0,5445.0,665000.0
3,1.5,1172.0,5760.0,685000.0
2,2.0,1433.0,1948.0,750000.0
3,2.0,1520.0,4000.0,760000.0
3,2.5,1380.0,2250.0,590000.0
15,6.0,11010.0,0.33,3700000.0
4,2.0,1750.0,4950.0,1025000.0
3,2.5,3590.0,4250.0,1725000.0
1,1.0,646.0,0.0,332000.0
5,3.0,2040.0,6180.0,605000.0
2,2.0,1560.0,6750.0,980000.0
2,2.5,1088.0,5500.0,835000.0
2,1.0,1460.0,5700.0,400000.0
3,2.0,1380.0,2909.0,800000.0
2,1.0,1000.0,4640.0,793000.0
2,2.0,1128.0,6000.0,625000.0
1,1.0,776.0,1.09,515000.0
3,2.5,2000.0,7440.0,799000.0
3,2.0,2029.0,0.0,685000.0
4,5.5,2867.0,4983.0,1750000.0
4,3.0,1180.0,4650.0,956300.0
3,2.0,1920.0,3154.0,1067000.0
2,2.0,2220.0,5950.0,551000.0
2,3.0,1300.0,915.0,780000.0
1,1.0,596.0,0.0,445000.0
3,2.0,1460.0,5005.0,583000.0
3,2.5,2500.0,4305.0,1685000.0
3,2.5,1540.0,1037.0,852500.0
5,3.0,2550.0,6604.0,940000.0
2,2.0,1018.0,0.0,545000.0
3,2.5,1520.0,1062.0,540700.0
1,1.0,640.0,0.35,345000.0
4,3.0,2190.0,5136.0,860000.0
2,1.0,930.0,6000.0,620000.0
5,2.5,2900.0,0.23,800000.0
4,3.5,2780.0,4000.0,950000.0
3,1.0,2560.0,8927.0,776000.0
1,1.0,613.0,0.0,325000.0
3,2.5,1566.0,1602.0,875000.0
2,2.0,1245.0,4.11,330000.0
3,2.5,1190.0,1290.0,750000.0
5,2.5,2760.0,6350.0,1025000.0
4,1.5,3260.0,5568.0,1695000.0
4,3.0,2380.0,4635.0,1399999.0
2,2.5,1884.0,0.27,925000.0
3,2.5,1712.0,1215.0,910000.0
2,2.0,1196.0,780.0,734999.0
3,2.0,1098.0,2320.0,864950.0
3,3.0,1250.0,6350.0,815000.0
1,1.0,880.0,4500.0,700000.0
2,1.5,822.0,0.0,400000.0
4,2.0,1595.0,5500.0,525000.0
3,3.0,2380.0,5000.0,1230000.0
3,2.0,3190.0,4380.0,2700000.0
3,2.5,1465.0,2973.0,1175000.0
4,2.0,2910.0,8360.0,1400000.0
2,3.0,1140.0,650.0,675000.0
1,1.0,500.0,4000.0,385000.0
3,2.0,1580.0,6400.0,942000.0
1,1.0,683.0,0.0,601000.0
5,3.0,2430.0,7812.0,915000.0
2,2.0,1128.0,0.0,479950.0
2,2.0,2360.0,5800.0,1460000.0
3,2.5,1396.0,4800.0,780000.0
1,1.0,615.0,0.0,485000.0
4,2.0,2340.0,7500.0,925000.0
4,1.5,2140.0,6511.0,700500.0
4,3.0,2980.0,4480.0,1090000.0
3,1.5,1390.0,9350.0,412000.0
2,1.0,720.0,4240.0,525000.0
1,1.0,712.0,0.0,325000.0
4,2.5,1850.0,2856.0,945000.0
3,4.5,1710.0,1326.0,725000.0
2,1.0,970.0,0.35,386000.0
3,2.0,1606.0,900.0,1450000.0
3,2.5,1815.0,1500.0,1295000.0
2,1.0,1120.0,1188.0,700000.0
4,2.0,2220.0,9295.0,995000.0
1,1.0,570.0,0.0,345000.0
3,2.0,1460.0,4590.0,888000.0
5,3.0,3820.0,7980.0,1575000.0
3,3.5,2480.0,2400.0,1795000.0
5,3.0,2777.0,7026.0,1338600.0
2,2.0,1170.0,588.0,624999.0
1,1.0,587.0,0.0,260000.0
3,1.0,1430.0,2280.0,980000.0
2,5.5,1320.0,1250.0,679950.0
2,2.0,2170.0,5250.0,893000.0
1,1.0,635.0,0.0,495000.0
3,1.5,1630.0,6615.0,895000.0
2,2.0,1900.0,2164.0,1310000.0
3,2.0,1760.0,4000.0,689000.0
3,2.5,1712.0,1514.0,970000.0
4,2.5,3190.0,5500.0,1820000.0
4,3.5,3590.0,4000.0,2900000.0
1,1.0,630.0,4895.0,255000.0
2,2.0,1150.0,0.0,615000.0
5,2.0,1830.0,5220.0,665000.0
2,1.0,760.0,3072.0,250000.0
3,2.5,2600.0,5100.0,1148000.0
3,2.0,2130.0,4850.0,990200.0
3,3.5,2899.0,5346.0,1800000.0
3,1.0,1090.0,0.31,400000.0
4,4.0,3360.0,5000.0,1200000.0
4,2.5,2240.0,5229.0,1050000.0
2,1.0,886.0,8863.0,620000.0
3,2.0,1560.0,4960.0,799000.0
4,2.0,1730.0,8100.0,852000.0
3,2.0,1700.0,5346.0,1150000.0
4,3.5,1909.0,1544.0,1500000.0
3,2.0,2180.0,3740.0,1012000.0
1,1.0,681.0,0.0,470000.0
3,3.0,1460.0,7200.0,1000000.0
1,1.0,704.0,0.0,365000.0
2,1.0,1010.0,6750.0,549950.0
2,2.5,1635.0,0.0,1850000.0
2,1.5,1022.0,0.0,655000.0
3,1.0,990.0,8100.0,635000.0
2,2.0,1164.0,8280.0,706474.0
1,1.0,583.0,0.29,349000.0
2,1.5,888.0,0.0,700000.0
4,2.0,2740.0,6000.0,1400000.0
3,2.0,1670.0,5400.0,485000.0
3,1.0,830.0,7800.0,660000.0
2,2.0,1200.0,1247.0,705000.0
3,3.5,2530.0,1880.0,1299000.0
4,3.0,2660.0,5100.0,1360000.0
4,2.0,2820.0,4764.0,1441000.0
2,1.0,1011.0,0.24,159488.0
2,1.5,1088.0,1518.0,590000.0
6,3.5,3785.0,5150.0,3150000.0
3,2.0,1540.0,1102.0,630000.0
2,1.5,1180.0,0.25,575000.0
3,3.5,1968.0,1498.0,980000.0
1,1.0,610.0,0.59,340000.0
2,2.0,1346.0,0.53,800000.0
2,2.5,1320.0,1030.0,570000.0
3,3.5,3064.0,0.59,2450000.0
3,2.0,2980.0,5800.0,1415000.0
4,3.5,3050.0,6146.0,2250000.0
3,2.0,2020.0,7200.0,917500.0
3,2.5,1926.0,1483.0,1148000.0
2,1.0,1330.0,7425.0,479000.0
3,2.0,2410.0,4950.0,1083000.0
2,2.5,1580.0,5000.0,699000.0
3,1.0,1030.0,4480.0,710000.0
3,3.0,1630.0,6721.0,615000.0
4,2.5,2370.0,3600.0,750000.0
1,1.0,783.0,0.0,530000.0
4,1.0,1310.0,6000.0,735000.0
3,2.0,1996.0,4656.0,986500.0
3,2.0,1580.0,6396.0,820000.0
1,1.0,781.0,0.0,481000.0
2,2.0,1517.0,0.0,1350000.0
4,2.0,2360.0,6120.0,950000.0
3,2.0,1496.0,1.0,824500.0
2,2.5,1250.0,1027.0,725000.0
2,2.0,1810.0,0.0,1350000.0
1,1.0,531.0,0.0,489000.0
4,2.5,2380.0,5000.0,1900000.0
2,2.0,1095.0,617.0,599950.0
2,2.0,1080.0,1175.0,533500.0
2,2.0,1146.0,800.0,845000.0
4,2.5,1544.0,2352.0,850000.0
1,1.0,707.0,0.26,590000.0
4,3.0,2067.0,1.0,1074900.0
4,3.0,2360.0,7200.0,1360000.0
2,2.0,724.0,5400.0,430000.0
2,2.5,1649.0,0.0,765000.0
5,2.5,2180.0,4069.0,1009975.0
3,2.0,1960.0,4400.0,955000.0
1,1.0,727.0,5250.0,445000.0
3,2.0,1209.0,752.0,725000.0
1,1.0,650.0,0.0,349000.0
5,3.0,3070.0,3400.0,1450000.0
4,2.5,2130.0,6250.0,960000.0
4,2.5,2220.0,3770.0,1235000.0
4,3.0,2288.0,6550.0,1105000.0
2,2.0,1370.0,0.0,1050000.0
5,3.0,3120.0,7865.0,795000.0
4,2.5,2180.0,6099.0,1275000.0
3,2.0,1590.0,3000.0,560000.0
3,1.5,2220.0,6270.0,930000.0
1,1.0,813.0,0.0,240000.0
1,1.0,574.0,1.17,280000.0
4,2.0,2480.0,5996.0,825000.0
4,3.0,3320.0,5750.0,750000.0
2,1.0,1720.0,5017.0,575000.0
3,2.0,2050.0,5000.0,1265000.0
4,3.0,2370.0,3880.0,1830000.0
4,5.0,3660.0,0.29,2695000.0
3,3.5,1670.0,905.0,1115000.0
2,3.5,990.0,0.86,405000.0
3,3.0,3120.0,5996.0,1350000.0
3,2.0,2260.0,6000.0,1300000.0
2,1.0,650.0,3780.0,708888.0
3,3.5,1540.0,2322.0,699950.0
3,3.5,1980.0,1659.0,1055000.0
3,1.0,2160.0,5100.0,920000.0
4,2.5,3080.0,0.3,1650000.0
2,3.0,1740.0,4148.0,1395000.0
3,2.0,1900.0,4000.0,1766000.0
9,5.0,3940.0,5303.0,1089000.0
2,1.5,1366.0,0.0,839000.0
4,1.5,1920.0,0.24,850000.0
1,1.0,715.0,0.0,515000.0
3,2.5,1610.0,1690.0,895000.0
6,4.0,2960.0,3796.0,1050000.0
4,2.0,1810.0,5100.0,945000.0
2,2.0,1125.0,0.0,705000.0
2,2.0,1893.0,9.2,727000.0
3,2.0,1096.0,1.0,875000.0
3,4.5,3760.0,7000.0,1570000.0
4,2.5,2720.0,8000.0,1315000.0
2,2.0,1510.0,7200.0,915000.0
2,2.0,1350.0,815.0,1035000.0
4,3.5,2980.0,4800.0,2400000.0
2,2.0,1443.0,0.0,325000.0
2,2.0,1170.0,0.0,428000.0
5,2.0,2260.0,3848.0,865000.0
3,2.0,1990.0,8710.0,730000.0
2,1.5,1555.0,0.96,677500.0
3,2.0,2350.0,4400.0,1140000.0
2,1.0,1440.0,6090.0,699950.0
1,1.0,627.0,1.06,429000.0
1,1.0,551.0,0.0,410000.0
2,1.0,770.0,5896.0,560000.0
3,2.5,1570.0,1342.0,700000.0
1,1.0,699.0,0.0,390000.0
3,3.0,2650.0,8612.0,1600000.0
2,1.5,1070.0,1726.0,850000.0
3,0.5,1941.0,3726.0,892700.0
3,2.5,2030.0,3999.0,1439000.0
2,1.0,1620.0,0.39,619000.0
2,2.5,1400.0,1112.0,850000.0
3,2.0,2354.0,4400.0,938000.0
2,3.5,1155.0,0.0,219700.0
3,1.0,1340.0,7669.0,785000.0
2,1.0,903.0,4.06,363500.0
3,1.5,1220.0,6350.0,599000.0
2,1.0,1250.0,4500.0,500000.0
2,2.0,1040.0,6800.0,625000.0
2,1.0,1660.0,4800.0,850000.0
1,1.0,744.0,0.0,345000.0
2,1.5,805.0,5000.0,500000.0
3,1.0,1060.0,4000.0,1125000.0
5,3.5,3160.0,6200.0,2300000.0
3,3.0,1120.0,4800.0,525000.0
4,2.5,1881.0,1881.0,870000.0
5,2.5,3460.0,7464.0,2425000.0
1,1.0,376.0,0.23,1000000.0
2,2.0,880.0,0.23,680000.0
1,1.0,794.0,0.0,660000.0
3,2.0,1340.0,2211.0,925000.0
4,2.5,2560.0,6582.0,1712000.0
4,2.0,2178.0,6800.0,880000.0
2,1.0,1180.0,0.0,870260.0
4,3.5,3220.0,6250.0,2195000.0
3,3.0,2070.0,4227.0,730000.0
3,2.5,2131.0,1036.0,1520000.0
2,3.0,970.0,593.0,769900.0
6,3.5,2430.0,5580.0,870000.0
3,2.5,1395.0,1418.0,725000.0
3,2.5,1810.0,6925.0,922000.0
2,1.0,904.0,0.0,520000.0
1,1.0,717.0,0.27,425000.0
5,3.0,2170.0,7500.0,775000.0
4,3.0,3120.0,9750.0,1670000.0
3,2.0,1870.0,4000.0,849000.0
4,3.5,2285.0,1792.0,1500000.0
3,2.5,2783.0,7206.0,1640000.0
4,2.0,2540.0,4700.0,1280000.0
2,2.0,1734.0,0.0,725000.0
2,1.0,1010.0,0.34,870000.0
3,2.5,1420.0,1873.0,890000.0
3,1.0,1410.0,7080.0,475000.0
3,2.0,2320.0,4000.0,880000.0
1,1.0,553.0,0.0,335000.0
3,2.0,1719.0,1056.0,1160000.0
4,2.0,2037.0,3326.0,1247500.0
1,1.0,954.0,0.0,555000.0
2,1.5,1370.0,938.0,700000.0
2,1.0,1480.0,6734.0,905000.0
5,4.5,3636.0,6180.0,2840000.0
3,1.5,1780.0,4800.0,650000.0
3,2.0,1094.0,2332.0,649995.0
1,1.0,830.0,5100.0,695000.0
2,2.0,834.0,0.0,351000.0
2,1.5,1035.0,0.0,656500.0
4,3.0,2790.0,0.35,965000.0
2,2.0,859.0,0.0,499950.0
4,3.5,5690.0,7469.0,3630000.0
2,1.0,772.0,0.0,409000.0
3,1.0,1430.0,0.37,499800.0
3,2.5,1460.0,1850.0,575000.0
3,2.5,1386.0,1065.0,999950.0
5,3.0,2310.0,4011.0,780000.0
2,1.5,1340.0,4342.0,675000.0
2,4.0,1291.0,1361.0,800500.0
3,2.5,2320.0,4400.0,949000.0
3,2.5,2150.0,0.32,1360000.0
2,2.0,1885.0,0.0,550000.0
3,2.0,1425.0,759.0,750000.0
3,2.5,1810.0,1436.0,1000000.0
2,1.0,1280.0,2690.0,859000.0
3,3.0,1480.0,9127.0,729000.0
3,3.0,2110.0,7324.0,1270000.0
2,1.0,1027.0,0.0,300000.0
1,1.0,808.0,0.0,730000.0
3,2.5,1569.0,1553.0,950000.0
3,3.0,2247.0,866.0,1725000.0
3,1.0,1220.0,5000.0,750000.0
2,1.0,1060.0,3250.0,900000.0
4,2.0,1920.0,0.41,1210000.0
1,1.0,804.0,0.0,425000.0
2,1.0,813.0,0.0,452500.0
4,1.5,1740.0,9205.0,649950.0
3,1.5,2230.0,3500.0,1075000.0
4,2.5,2760.0,6001.0,640000.0
3,3.0,1660.0,625.0,795000.0
3,2.5,1360.0,916.0,805000.0
4,4.5,5200.0,7653.0,2600000.0
3,2.5,1573.0,1255.0,1030000.0
1,1.0,700.0,0.0,645000.0
4,3.0,1700.0,7320.0,649000.0
4,3.5,2560.0,4080.0,1325000.0
3,2.0,1330.0,1539.0,680000.0
4,2.0,2180.0,5100.0,838000.0
3,2.0,1350.0,1055.0,785000.0
2,1.5,1720.0,1588.0,725000.0
4,3.5,3060.0,0.96,3931000.0
2,2.0,954.0,0.33,380000.0
2,2.5,1460.0,1536.0,599950.0
4,3.0,1540.0,3060.0,1108000.0
1,1.0,709.0,0.0,470000.0
3,1.5,2560.0,6150.0,720000.0
1,1.0,534.0,0.0,324000.0
2,2.5,1440.0,3000.0,875000.0
1,1.0,627.0,0.0,462750.0
3,2.5,1324.0,2217.0,649950.0
2,2.0,1290.0,1192.0,635000.0
1,1.0,748.0,0.26,499000.0
2,2.5,1830.0,0.0,1730000.0
3,2.0,1660.0,6120.0,795000.0
3,1.0,1964.0,9050.0,625000.0
3,2.0,1460.0,1554.0,759000.0
1,1.0,683.0,0.29,450500.0
4,2.0,2060.0,5080.0,812500.0
4,2.0,1160.0,4224.0,710000.0
3,2.0,1540.0,1124.0,680000.0
1,1.0,529.0,0.0,265000.0
2,1.0,1860.0,2526.0,898000.0
1,1.0,648.0,0.0,515000.0
5,4.0,4490.0,5220.0,1150000.0
6,4.0,2310.0,5012.0,849000.0
3,3.5,3130.0,0.28,2350000.0
2,1.0,2110.0,8160.0,376000.0
3,1.5,1590.0,3797.0,700000.0
3,2.5,1280.0,1845.0,900000.0
2,1.0,840.0,8150.0,495000.0
3,2.0,2020.0,8120.0,950000.0
4,3.0,3610.0,8037.0,2330000.0
4,3.5,2336.0,0.0,1080000.0
2,1.0,1040.0,6103.0,350000.0
1,1.0,620.0,0.0,399000.0
1,1.0,728.0,0.0,360000.0
3,2.5,1970.0,2109.0,715000.0
4,3.0,2190.0,5350.0,1490000.0
4,3.0,2120.0,7721.0,920000.0
2,2.0,1415.0,6.4,449000.0
4,3.5,1835.0,1750.0,1299950.0
2,4.5,1670.0,905.0,1115000.0
3,3.5,2570.0,4094.0,2000000.0
3,2.0,2060.0,3090.0,700000.0
3,2.5,1740.0,1389.0,1678000.0
5,3.0,2510.0,5130.0,910000.0
2,2.5,1000.0,0.0,660000.0
3,2.0,1516.0,5000.0,1150000.0
3,1.0,940.0,4850.0,500000.0
4,2.0,2440.0,4002.0,1116000.0
5,4.0,2470.0,5000.0,1005000.0
2,2.0,1288.0,5365.0,755000.0
4,3.5,3240.0,4680.0,1995000.0
2,2.0,693.0,0.0,490000.0
3,2.5,1550.0,1391.0,825000.0
4,2.0,2080.0,7740.0,750000.0
4,3.0,1400.0,5000.0,1000000.0
2,2.5,1159.0,5250.0,885000.0
2,1.5,901.0,4800.0,599000.0
4,3.0,2900.0,7500.0,1175000.0
4,2.5,2052.0,0.38,865000.0
1,1.0,773.0,0.0,685000.0
2,2.0,1040.0,0.0,345000.0
2,2.0,2353.0,8750.0,1160000.0
2,2.0,1212.0,0.0,600000.0
5,2.0,2640.0,2950.0,1000000.0
2,1.0,1090.0,4500.0,580000.0
5,2.5,3960.0,7680.0,1850000.0
4,1.5,3030.0,5400.0,1500000.0
4,2.5,3080.0,9300.0,650000.0
1,1.0,700.0,0.0,405000.0
2,1.5,1276.0,0.54,885000.0
3,1.0,910.0,7242.0,480000.0
5,3.5,4180.0,4080.0,3000000.0
1,1.0,852.0,0.0,430000.0
5,1.5,2830.0,4000.0,766000.0
2,1.0,970.0,5130.0,600000.0
3,2.0,1576.0,1238.0,974999.0
1,1.0,667.0,0.0,327500.0
3,2.0,1080.0,5750.0,875000.0
2,5.5,2659.0,0.52,6250000.0
5,5.0,3623.0,8000.0,1975000.0
4,3.5,2520.0,3821.0,1765000.0
4,3.5,2720.0,3024.0,1750000.0
2,2.0,968.0,656.0,715000.0
2,2.0,839.0,0.0,385000.0
2,3.5,2080.0,1412.0,1495000.0
2,2.0,693.0,0.0,480000.0
2,2.5,1365.0,4.05,525000.0
2,1.0,1580.0,0.52,500000.0
2,1.0,860.0,6678.0,750000.0
2,2.0,1038.0,0.33,600000.0
4,3.0,2860.0,4182.0,1600000.0
1,1.0,557.0,0.0,370000.0
2,2.0,1644.0,0.0,2250000.0
5,2.0,2340.0,5120.0,613000.0
3,2.5,1810.0,1436.0,1000000.0
2,1.0,2530.0,5000.0,700000.0
3,3.5,1820.0,1099.0,1125000.0
2,1.0,648.0,4997.0,430000.0
2,2.5,1448.0,0.54,1325000.0
2,1.0,1660.0,0.28,535000.0
5,3.0,2970.0,5250.0,1225000.0
5,4.0,3030.0,5200.0,1250000.0
3,2.0,1400.0,8910.0,530000.0
2,1.5,900.0,1.0,549755.0
3,2.0,2740.0,5000.0,1278500.0
2,1.0,720.0,6693.0,545000.0
4,2.5,1880.0,3300.0,1050000.0
3,2.5,1681.0,3.97,650000.0
4,2.0,3325.0,6000.0,1650000.0
5,3.5,4397.0,6800.0,3400000.0
3,1.5,1540.0,6300.0,689000.0
3,1.0,1530.0,0.31,435000.0
2,2.0,1015.0,2.02,468000.0
4,3.0,2340.0,5023.0,780000.0
1,1.0,836.0,0.0,605000.0
1,1.0,492.0,0.0,205000.0
3,3.0,1880.0,2200.0,999950.0
2,2.0,1570.0,3060.0,849000.0
4,2.5,1806.0,5000.0,745000.0
2,2.0,1595.0,0.0,945000.0
2,2.0,1526.0,0.0,893000.0
3,2.5,1346.0,1270.0,899000.0
3,2.0,1600.0,8640.0,877500.0
2,2.0,1170.0,0.42,655000.0
3,2.5,1660.0,1681.0,690000.0
1,1.0,707.0,4.66,325000.0
3,2.0,1390.0,6656.0,899950.0
3,2.0,2900.0,3800.0,1305000.0
1,1.0,704.0,1.0,519950.0
3,4.0,2400.0,5563.0,1460000.0
3,1.0,1120.0,4000.0,985000.0
4,2.0,1710.0,3250.0,1170000.0
3,2.0,1880.0,1751.0,955000.0
3,3.0,1454.0,760.0,890955.0
14,5.0,3884.0,4968.0,1300000.0
3,1.5,2300.0,4100.0,1125000.0
4,3.0,2520.0,3000.0,1025000.0
4,3.0,3335.0,6000.0,1325000.0
3,2.5,2118.0,2466.0,837000.0
2,1.0,910.0,4800.0,825000.0
4,1.0,2080.0,4845.0,800000.0
2,1.0,2520.0,5000.0,810000.0
3,2.0,1560.0,5056.0,965000.0
2,1.0,1130.0,4388.0,1180000.0
1,1.0,543.0,1.21,425000.0
1,1.0,620.0,6090.0,524950.0
3,3.0,1720.0,8370.0,865000.0
2,2.0,1015.0,2.02,500000.0
1,1.0,530.0,2500.0,390800.0
4,2.0,1350.0,5300.0,700000.0
3,2.5,1510.0,2656.0,717500.0
1,1.5,1021.0,0.0,1099900.0
3,1.0,1730.0,4200.0,900000.0
2,2.0,3120.0,0.33,1050000.0
4,2.5,2172.0,3431.0,975000.0
3,3.5,1410.0,1478.0,740000.0
1,1.0,578.0,0.0,379000.0
2,2.0,1350.0,4590.0,960000.0
2,2.0,900.0,2041.0,1650000.0
2,2.5,1865.0,0.0,890000.0
2,2.0,1174.0,800.0,779000.0
3,1.5,1250.0,0.27,552000.0
5,3.0,3590.0,6900.0,1700000.0
3,2.0,1548.0,1139.0,850000.0
4,3.0,3030.0,6960.0,1119000.0
1,1.0,622.0,0.0,387000.0
4,2.0,2245.0,7892.0,775000.0
4,3.5,2627.0,5150.0,1650000.0
4,2.5,3680.0,7000.0,1880000.0
2,1.0,2170.0,6985.0,950000.0
3,1.0,1600.0,3600.0,1023000.0
2,2.5,2803.0,0.0,2320000.0
3,1.5,2120.0,3880.0,865000.0
3,2.5,1980.0,5000.0,675000.0
3,2.0,1370.0,3060.0,1270000.0
1,1.0,723.0,0.0,315000.0
4,1.5,1300.0,4080.0,975000.0
3,2.0,1060.0,5290.0,599000.0
1,1.0,531.0,0.0,396000.0
2,1.0,770.0,5772.0,490000.0
4,3.0,2470.0,0.29,1180000.0
3,2.5,2260.0,4000.0,1406000.0
2,1.5,1120.0,966.0,605000.0
3,3.5,1936.0,1770.0,1295000.0
2,2.5,1560.0,1263.0,730000.0
2,2.0,1020.0,776.0,605000.0
3,2.0,1100.0,2700.0,645000.0
3,2.0,2120.0,6400.0,1130000.0
2,2.5,1400.0,824.0,1062500.0
2,2.0,1429.0,0.0,855000.0
3,2.5,1320.0,1396.0,835000.0
4,4.5,4790.0,5000.0,1750000.0
3,1.0,1070.0,6535.0,515000.0
2,2.5,1966.0,1412.0,1495000.0
2,2.0,1146.0,1.0,675000.0
3,2.5,1047.0,680.0,720000.0
2,1.5,1760.0,4000.0,650000.0
2,2.0,1030.0,7200.0,826500.0
3,2.0,1514.0,990.0,915000.0
3,1.5,1520.0,7150.0,720000.0
4,3.5,3360.0,6000.0,1575000.0
3,2.0,1910.0,7500.0,725000.0
2,2.5,1550.0,1131.0,1051500.0
1,1.0,641.0,0.0,349000.0
3,3.0,1190.0,850.0,765000.0
4,2.0,2640.0,3840.0,700000.0
2,1.5,938.0,0.0,425000.0
3,3.5,2206.0,1500.0,1116000.0
1,1.0,680.0,0.0,355000.0
2,1.0,749.0,0.0,489000.0
2,2.0,1353.0,0.0,785000.0
1,1.0,250.0,250.0,159000.0
8,4.0,3136.0,8636.0,1005000.0
2,2.0,1149.0,564.0,730000.0
1,1.0,861.0,9600.0,405000.0
4,2.5,2050.0,9555.0,805000.0
2,2.0,1106.0,0.0,700000.0
3,3.5,1930.0,6000.0,600000.0
4,3.0,3090.0,0.34,210000.0
3,2.0,2437.0,6500.0,1275000.0
2,2.5,1330.0,856.0,699950.0
3,2.0,1680.0,6000.0,910000.0
2,2.0,834.0,0.0,552450.0
2,2.0,1112.0,1484.0,675000.0
1,1.0,626.0,2.63,275000.0
2,1.0,1230.0,5000.0,326000.0
4,2.5,2840.0,4480.0,1200000.0
2,1.5,1115.0,745.0,745000.0
4,2.0,2240.0,5043.0,750000.0
3,3.0,1687.0,0.0,946000.0
4,3.0,1900.0,2256.0,1150000.0
3,3.0,1970.0,8540.0,1395000.0
3,2.5,1512.0,1041.0,760000.0
1,1.0,696.0,0.0,449000.0
2,1.5,806.0,4001.0,510000.0
2,2.0,1319.0,794.0,838000.0
2,1.0,2300.0,8799.0,525000.0
2,1.5,1127.0,5500.0,1008000.0
4,2.0,2280.0,8000.0,640000.0
2,2.0,1120.0,1168.0,789500.0
4,3.0,1960.0,5200.0,1270000.0
1,1.0,627.0,0.34,335000.0
2,2.0,1228.0,900.0,900000.0
3,2.0,1800.0,3172.0,1130000.0
1,1.0,883.0,0.0,500000.0
4,1.0,1190.0,7320.0,463900.0
5,5.5,5770.0,8226.0,5000000.0
2,2.5,1710.0,962.0,875000.0
2,2.0,968.0,656.0,700000.0
2,1.0,790.0,5877.0,532500.0
1,1.0,376.0,0.23,1000000.0
6,5.5,4510.0,0.28,2202718.0
3,2.0,1300.0,3914.0,1100000.0
3,3.5,2106.0,1785.0,1266000.0
3,2.5,1573.0,1243.0,1099950.0
4,2.0,2870.0,2.27,703500.0
4,3.5,4006.0,5000.0,2940000.0
2,1.0,1060.0,5666.0,875000.0
1,1.0,562.0,0.0,285000.0
3,2.5,1610.0,1426.0,840000.0
2,3.0,1212.0,0.7,600000.0
4,2.5,2390.0,3570.0,1350000.0
2,1.0,1080.0,6000.0,950000.0
2,1.0,1350.0,6500.0,850000.0
4,3.5,2795.0,6400.0,1740000.0
2,2.0,1369.0,0.0,720000.0
2,1.0,970.0,2714.0,1075000.0
3,3.5,1820.0,1101.0,1250000.0
3,2.0,1770.0,7242.0,500000.0
6,4.0,3280.0,5650.0,999950.0
3,1.0,1260.0,0.32,440000.0
4,2.5,1939.0,2499.0,1025000.0
1,1.0,610.0,0.0,679950.0
4,3.0,2200.0,5586.0,874999.0
3,3.5,3036.0,0.0,3250000.0
3,2.5,1861.0,0.0,1395000.0
3,2.0,1650.0,5075.0,750000.0
1,1.0,722.0,0.0,299900.0
3,2.0,1260.0,2640.0,615000.0
2,2.5,2714.0,0.0,1735000.0
2,2.0,1020.0,776.0,605000.0
3,3.5,1471.0,0.0,799990.0
3,2.5,1500.0,1235.0,1023500.0
2,1.0,1080.0,6000.0,650000.0
4,2.5,1544.0,1562.0,889000.0
2,2.0,1004.0,0.0,320000.0
4,2.0,1470.0,4000.0,460000.0
4,2.0,1680.0,2600.0,930000.0
4,2.0,2420.0,3680.0,948750.0
4,3.5,2011.0,2421.0,1130000.0
2,2.0,896.0,0.0,549250.0
2,2.0,1415.0,0.0,445000.0
2,2.5,840.0,846.0,629000.0
1,1.0,434.0,6600.0,345000.0
4,2.5,2730.0,5724.0,1175000.0
3,1.5,1350.0,2497.0,599000.0
3,3.5,1740.0,2061.0,840000.0
3,2.5,1940.0,2880.0,1140000.0
4,1.0,1340.0,6000.0,685000.0
2,2.0,1110.0,1650.0,689000.0
3,2.5,1380.0,1550.0,613000.0
3,2.5,1400.0,1001.0,785000.0
3,2.0,2110.0,4000.0,815000.0
1,1.0,557.0,0.88,399950.0
3,2.0,1830.0,5850.0,835000.0
3,2.0,1480.0,5000.0,780000.0
3,1.5,1550.0,8070.0,835000.0
3,2.0,1670.0,8573.0,620000.0
4,2.5,2890.0,3060.0,1650000.0
3,3.5,1590.0,1781.0,820000.0
1,1.0,630.0,0.4,439900.0
4,2.0,1440.0,4560.0,760000.0
3,2.5,2529.0,3000.0,1650000.0
3,3.0,1086.0,0.37,539950.0
3,2.0,1565.0,2500.0,985000.0
2,2.0,916.0,0.0,760000.0
3,7.0,2190.0,5504.0,1868000.0
2,2.0,1400.0,3060.0,530000.0
3,3.5,1352.0,1680.0,886000.0
4,4.0,2030.0,5400.0,1349000.0
3,2.0,1455.0,1.0,959822.0
5,4.0,3240.0,8820.0,1825000.0
3,2.0,924.0,0.26,422000.0
2,2.0,1470.0,0.0,825000.0
3,2.0,1758.0,1350.0,1130000.0
3,2.5,1830.0,1175.0,960000.0
2,1.0,1019.0,0.0,640000.0
4,3.0,2970.0,4000.0,1950000.0
3,3.5,1500.0,1182.0,700000.0
3,2.0,2020.0,6000.0,900000.0
3,3.5,2188.0,4920.0,1700000.0
1,1.0,507.0,0.0,460000.0
2,1.5,1131.0,1.0,699950.0
2,2.0,982.0,0.0,705000.0
2,2.0,1889.0,9601.0,2750000.0
2,1.0,1440.0,0.0,699990.0
2,2.0,789.0,0.0,475000.0
2,2.0,1131.0,6018.0,575000.0
4,3.0,3300.0,7700.0,1995000.0
4,2.0,2510.0,5460.0,1025000.0
2,2.5,1580.0,0.31,1790000.0
1,2.0,966.0,0.0,640000.0
1,1.0,703.0,0.51,350000.0
2,2.0,1220.0,755.0,600000.0
9,5.0,3590.0,4680.0,1100400.0
6,5.5,4299.0,6867.0,3300000.0
1,1.0,900.0,0.0,369950.0
3,2.5,1260.0,1252.0,750000.0
2,2.5,1048.0,1048.0,760000.0
4,1.0,1470.0,8520.0,699999.0
1,1.0,1113.0,9830.0,595000.0
2,2.0,1570.0,3250.0,715000.0
3,2.5,2740.0,4800.0,1375000.0
2,2.5,1470.0,780.0,885000.0
4,2.0,1710.0,9660.0,685000.0
3,2.5,1580.0,1372.0,1095000.0
2,1.0,800.0,6946.0,550000.0
3,1.0,980.0,3000.0,500000.0
5,3.5,3700.0,7581.0,2075000.0
4,2.0,2352.0,5000.0,1450000.0
3,3.0,2320.0,9465.0,675000.0
2,2.0,1503.0,6250.0,729000.0
4,5.5,2410.0,9000.0,1500000.0
2,1.5,950.0,1.0,1270000.0
3,1.5,1640.0,5196.0,1060000.0
3,1.5,2440.0,4000.0,1400000.0
1,1.0,594.0,0.39,405000.0
4,2.0,1480.0,6075.0,665000.0
3,2.5,1220.0,1136.0,618000.0
3,2.0,2740.0,8340.0,1305000.0
3,3.0,2160.0,6710.0,1300000.0
2,2.0,1400.0,802.0,850000.0
3,2.5,2650.0,7548.0,1112000.0
2,2.0,2735.0,0.3,871000.0
1,1.0,750.0,0.0,420000.0
2,1.0,1201.0,5000.0,605000.0
6,6.0,3488.0,2388.0,1225000.0
4,2.0,1742.0,1.25,781000.0
4,2.0,2390.0,5535.0,1195000.0
3,1.0,4018.0,5000.0,517500.0
3,3.5,1530.0,3000.0,1089000.0
1,1.0,600.0,0.0,370000.0
5,3.5,3340.0,3600.0,2500000.0
2,1.0,2060.0,6000.0,525000.0
3,2.5,1650.0,2752.0,675000.0
1,1.0,640.0,0.4,497000.0
2,2.0,1106.0,0.29,1470000.0
2,2.0,1200.0,8000.0,519000.0
3,2.5,1390.0,1570.0,575000.0
3,2.0,1759.0,1188.0,890000.0
2,1.5,1690.0,5027.0,779000.0
4,3.5,2191.0,4120.0,1394600.0
3,2.5,1380.0,1022.0,655000.0
2,2.0,877.0,2.63,415000.0
5,4.0,2754.0,3969.0,956000.0
3,2.0,2770.0,7770.0,700000.0
1,1.0,515.0,0.0,309000.0
3,2.0,2029.0,9.2,685000.0
4,3.0,2560.0,9956.0,890000.0
5,3.5,2966.0,1.0,1263500.0
3,2.5,1763.0,2498.0,1135000.0
3,2.5,1550.0,7089.0,1350000.0
2,1.0,830.0,6600.0,645000.0
2,2.0,1019.0,0.0,499000.0
1,1.0,696.0,0.0,385000.0
5,3.5,5090.0,0.27,4325000.0
3,4.5,1460.0,1231.0,700000.0
2,2.0,1036.0,656.0,789950.0
1,1.0,854.0,0.0,540000.0
3,3.0,1687.0,1.0,1035000.0
3,1.5,1430.0,8992.0,438000.0
2,2.0,1960.0,7405.0,580000.0
4,3.5,2720.0,7598.0,1395000.0
1,1.0,706.0,0.46,520000.0
3,2.0,2600.0,4200.0,1525000.0
3,2.0,1900.0,6093.0,965000.0
2,1.5,1580.0,6120.0,1300000.0
1,1.0,1270.0,5640.0,915000.0
4,2.5,2320.0,9500.0,1001000.0
3,1.0,910.0,0.35,650000.0
2,2.0,878.0,0.0,675000.0
2,1.0,1915.0,5077.0,725000.0
3,2.0,2462.0,3200.0,1150000.0
4,3.5,2640.0,3062.0,1750000.0
3,2.5,1670.0,1304.0,875000.0
3,1.0,1090.0,7258.0,630000.0
3,3.5,1621.0,987.0,1085000.0
4,2.0,2591.0,6900.0,800000.0
2,2.0,1400.0,0.0,1295000.0
2,2.5,840.0,897.0,612500.0
4,3.5,2910.0,3491.0,2325000.0
2,1.0,1410.0,5000.0,590000.0
2,1.0,770.0,4672.0,560000.0
3,2.0,1900.0,6957.0,1299000.0
3,2.0,2760.0,5195.0,1256000.0
3,2.0,1290.0,2700.0,925000.0
3,2.0,1111.0,0.0,849000.0
2,2.0,850.0,6120.0,889900.0
2,1.5,900.0,900.0,568000.0
6,5.0,2667.0,4000.0,900000.0
2,1.5,1320.0,6080.0,810000.0
2,2.0,1370.0,0.0,500000.0
2,1.0,1140.0,4920.0,528000.0
3,1.0,1380.0,4080.0,890000.0
3,2.0,1422.0,1405.0,780000.0
2,2.0,1065.0,0.0,430000.0
2,3.0,2943.0,3.06,1650000.0
3,2.0,1250.0,6000.0,625000.0
3,2.0,2390.0,0.25,1150000.0
1,1.0,569.0,0.0,400000.0
3,2.0,1680.0,5000.0,1087500.0
1,1.0,683.0,0.0,679000.0
1,1.0,627.0,0.0,475000.0
2,2.0,840.0,1452.0,645000.0
3,1.5,1880.0,6215.0,749000.0
2,2.0,881.0,6000.0,550000.0
2,1.0,850.0,4000.0,778000.0
1,1.0,525.0,0.0,375000.0
3,1.5,2170.0,3000.0,1250000.0
2,1.0,1110.0,5413.0,820000.0
4,3.5,3930.0,4000.0,2925000.0
2,1.0,1047.0,0.0,762500.0
1,1.0,653.0,0.0,475000.0
3,1.5,1710.0,1250.0,1000000.0
5,3.0,2120.0,1959.0,750000.0
3,4.0,2360.0,5080.0,1325000.0
4,4.0,2250.0,6600.0,1070000.0
4,2.0,2320.0,6960.0,1150000.0
4,3.5,3490.0,0.27,1480000.0
4,2.5,2500.0,4046.0,1295000.0
2,1.0,792.0,0.0,520000.0
2,2.5,1490.0,7547.0,855000.0
3,2.5,1700.0,2125.0,1475000.0
2,2.0,1261.0,978.0,625000.0
4,2.0,2440.0,2168.0,1060000.0
3,2.5,1420.0,2929.0,750000.0
3,2.0,1380.0,815.0,740000.0
3,2.0,1111.0,719.0,849000.0
3,1.5,1920.0,6300.0,865000.0
3,1.5,1220.0,2242.0,660000.0
3,3.0,4010.0,8207.0,3050000.0
2,2.0,1170.0,588.0,644999.0
3,2.5,1600.0,695.0,699900.0
1,1.0,760.0,0.0,309000.0
2,1.5,1290.0,1748.0,762500.0
2,1.0,980.0,3200.0,800000.0
2,1.5,1022.0,0.0,660000.0
2,1.5,1260.0,3858.0,715000.0
5,2.0,2660.0,6400.0,1125000.0
1,1.0,644.0,0.0,350000.0
1,1.0,664.0,0.0,305000.0
1,1.0,468.0,0.0,275000.0
4,3.0,2680.0,6402.0,2100000.0
4,2.0,1640.0,4400.0,730000.0
3,2.0,2000.0,5632.0,925000.0
2,2.0,1523.0,864.0,639950.0
4,3.0,2430.0,9500.0,520000.0
2,2.0,1199.0,1.06,375000.0
4,3.0,2160.0,6298.0,980000.0
4,2.5,1354.0,0.0,485000.0
1,1.0,738.0,0.0,490000.0
2,2.0,1425.0,0.42,899000.0
6,7.0,4570.0,0.29,1950000.0
2,1.5,940.0,1740.0,640000.0
3,3.5,1710.0,1728.0,699000.0
3,2.5,1430.0,1102.0,855000.0
3,3.5,1500.0,1274.0,598800.0
3,1.5,1376.0,1169.0,780000.0
4,3.5,4002.0,5000.0,2100000.0
4,1.0,1600.0,0.27,652000.0
1,1.0,807.0,0.0,380000.0
5,3.0,2055.0,4000.0,1100000.0
1,1.0,647.0,7197.0,377500.0
2,2.0,940.0,585.0,579000.0
2,1.5,1150.0,1262.0,590000.0
2,2.5,1459.0,887.0,665000.0
4,2.5,1910.0,3000.0,1625000.0
4,3.0,2297.0,7200.0,783000.0
4,2.5,2320.0,5001.0,820000.0
5,3.5,2387.0,5445.0,1125000.0
5,3.5,3270.0,4080.0,2000000.0
3,2.5,1530.0,1482.0,899999.0
2,1.0,1150.0,6340.0,845714.0
3,2.0,1237.0,4760.0,747250.0
3,2.5,1760.0,1143.0,850000.0
1,1.0,808.0,0.0,560000.0
2,2.0,2720.0,4958.0,720000.0
4,2.0,1345.0,2808.0,962000.0
4,3.0,2600.0,6840.0,1750000.0
3,2.0,2209.0,2734.0,715000.0
2,2.5,950.0,1748.0,695000.0
4,2.5,1530.0,3060.0,675000.0
2,1.0,830.0,6180.0,942000.0
3,2.0,1590.0,910.0,910000.0
3,3.0,1524.0,513.0,850000.0
4,3.0,1920.0,7455.0,2095000.0
4,2.0,2660.0,5243.0,1357000.0
3,2.0,2284.0,6395.0,850000.0
3,2.5,1604.0,1040.0,760000.0
4,4.0,2555.0,4000.0,1500000.0
3,1.5,2460.0,0.35,1150000.0
3,2.5,2793.0,1734.0,1732000.0
2,1.5,1540.0,4800.0,751000.0
3,1.0,950.0,7320.0,589000.0
3,1.5,1720.0,0.33,426000.0
2,2.0,1470.0,7443.0,707000.0
5,2.5,3500.0,0.33,875000.0
2,1.5,984.0,0.0,499999.0
3,2.5,1570.0,1362.0,901000.0
1,1.0,700.0,0.0,647201.0
2,2.0,1188.0,0.43,450000.0
3,2.5,2570.0,0.28,1175000.0
3,2.5,1631.0,1485.0,1049950.0
3,2.0,1596.0,0.64,505000.0
2,2.5,820.0,1293.0,525000.0
3,2.5,1610.0,1500.0,875000.0
1,1.0,812.0,0.0,480000.0
3,2.0,1425.0,729.0,759999.0
2,2.5,1086.0,2068.0,884950.0
2,2.5,1043.0,990.0,690000.0
3,2.0,1440.0,4239.0,1195000.0
1,1.0,590.0,1549.0,435000.0
2,2.0,1152.0,0.0,1325000.0
4,2.0,2040.0,4178.0,1175000.0
3,2.0,2092.0,0.0,2000000.0
3,1.0,1780.0,5000.0,975000.0
3,2.5,3560.0,5000.0,1575000.0
2,2.5,1475.0,3753.0,945000.0
4,2.5,1890.0,3000.0,668000.0
4,2.0,2790.0,6250.0,930000.0
4,3.5,2600.0,3900.0,2225000.0
3,2.0,1060.0,8910.0,575000.0
3,1.0,2180.0,0.25,720000.0
2,2.0,1761.0,0.0,665000.0
3,2.0,1379.0,3353.0,729950.0
3,1.5,2550.0,4080.0,958748.0
4,3.5,3815.0,3960.0,2895000.0
4,2.0,2634.0,7475.0,1500000.0
1,1.0,540.0,0.35,335000.0
3,3.5,3064.0,0.0,2450000.0
2,1.0,860.0,4800.0,565000.0
3,2.5,1690.0,7200.0,807500.0
3,3.5,1800.0,1545.0,750000.0
2,2.0,1071.0,0.0,605000.0
2,1.0,807.0,0.0,525000.0
3,2.5,1350.0,662.0,899000.0
4,2.0,2900.0,4700.0,1275000.0
3,3.0,1880.0,2200.0,999950.0
1,1.0,677.0,0.68,270000.0
1,1.0,703.0,0.0,498000.0
1,1.0,527.0,0.0,399000.0
1,1.0,820.0,5100.0,530000.0
3,2.5,1360.0,1248.0,700000.0
4,3.5,2600.0,4000.0,1950000.0
4,3.5,2852.0,3178.0,1715000.0
3,3.5,1370.0,1125.0,619000.0
3,1.5,2000.0,4800.0,1400000.0
3,2.0,1096.0,0.0,849950.0
3,3.5,3380.0,7531.0,1599500.0
3,2.5,1616.0,0.0,990000.0
3,3.0,1620.0,5760.0,1058000.0
2,2.0,970.0,0.0,634400.0
1,2.0,1009.0,0.0,525000.0
3,2.0,2270.0,7920.0,1550000.0
3,1.0,1200.0,9180.0,500000.0
2,2.0,1225.0,960.0,725000.0
2,2.0,1081.0,0.0,620000.0
3,2.0,1380.0,8580.0,775000.0
2,1.0,1200.0,6200.0,1025100.0
2,2.0,1620.0,3090.0,835000.0
3,2.0,2950.0,5350.0,1500000.0
1,1.0,513.0,0.0,315000.0
4,2.0,2100.0,3600.0,1225000.0
3,2.0,1705.0,7680.0,910000.0
4,4.5,3610.0,4500.0,2800000.0
3,3.5,1800.0,1563.0,1050000.0
3,1.0,2130.0,3710.0,850000.0
2,2.0,1367.0,1.98,1350000.0
3,2.5,1730.0,2757.0,800000.0
4,3.5,4194.0,5400.0,3500000.0
9,9.0,3780.0,5020.0,1210000.0
2,2.0,1778.0,0.0,1900000.0
3,3.0,1410.0,826.0,865000.0
2,2.0,1088.0,0.0,475000.0
4,1.0,1340.0,3825.0,875000.0
5,1.0,2380.0,4240.0,539000.0
3,4.5,2140.0,3314.0,1835000.0
3,2.0,2080.0,5650.0,738000.0
2,1.0,1410.0,6180.0,799000.0
1,1.0,571.0,0.58,331000.0
4,2.5,2340.0,9670.0,870000.0
5,4.5,5210.0,6772.0,3320000.0
1,1.0,733.0,0.0,545000.0
2,1.5,1060.0,5137.0,530000.0
2,2.5,996.0,2450.0,799000.0
4,2.0,1850.0,3570.0,1200000.0
1,1.0,690.0,4000.0,560000.0
4,2.0,2260.0,3750.0,1330000.0
4,3.5,3190.0,4305.0,2130000.0
3,2.5,1846.0,0.24,1060000.0
3,2.0,1700.0,3220.0,999999.0
4,2.0,2240.0,6240.0,795000.0
4,2.0,1660.0,2280.0,1127500.0
2,3.0,1780.0,2240.0,720000.0
4,3.5,2270.0,2500.0,710000.0
1,1.0,603.0,0.0,432000.0
3,3.5,2024.0,1694.0,1200000.0
2,2.5,1103.0,5500.0,780000.0
3,1.0,1460.0,5856.0,880000.0
6,7.0,4260.0,3600.0,2300000.0
3,2.5,1660.0,2700.0,816750.0
3,1.5,1350.0,1193.0,750000.0
4,3.0,2949.0,5580.0,1610000.0
3,2.5,1718.0,1268.0,900000.0
2,1.0,1370.0,6084.0,1000000.0
4,2.5,1822.0,1500.0,1033000.0
2,1.0,800.0,560.0,690000.0
1,1.0,718.0,0.0,459000.0
2,2.0,909.0,0.0,420000.0
2,1.0,903.0,4.06,312500.0
2,2.0,1297.0,0.0,880000.0
3,2.0,2140.0,9290.0,925000.0
4,5.0,2970.0,7961.0,1450000.0
2,2.0,900.0,8000.0,590000.0
2,2.0,2600.0,3600.0,750000.0
2,1.0,1180.0,4386.0,419000.0
1,1.0,564.0,100.0,602000.0
4,2.0,1700.0,8001.0,891000.0
3,3.0,1524.0,513.0,875000.0
3,3.0,1410.0,1316.0,1200000.0
1,1.0,831.0,0.7,480000.0
5,3.0,3060.0,7006.0,889000.0
2,2.0,1213.0,0.0,422000.0
4,2.0,2352.0,4000.0,1295000.0
1,1.0,534.0,0.0,223000.0
2,1.0,724.0,0.0,530000.0
4,3.5,2304.0,4503.0,1550000.0
3,1.0,1450.0,7200.0,1125000.0
2,1.0,980.0,0.32,475000.0
2,1.5,1550.0,7154.0,1550000.0
1,1.0,704.0,500.0,645000.0
1,1.5,1425.0,2.23,2200000.0
1,1.0,794.0,0.0,516000.0
5,3.5,4060.0,3400.0,2888000.0
2,2.0,979.0,0.32,470000.0
4,2.0,1830.0,6000.0,950000.0
2,1.0,1260.0,7440.0,626000.0
2,1.0,1027.0,1.83,300000.0
5,2.0,3210.0,7578.0,688000.0
2,1.0,968.0,0.0,399950.0
3,2.0,1049.0,0.0,900000.0
2,1.5,1054.0,0.0,709000.0
2,2.0,1586.0,0.0,1460000.0
4,2.0,1760.0,4700.0,999950.0
2,1.0,860.0,4000.0,480000.0
4,2.5,1560.0,2400.0,1110000.0
4,3.0,3110.0,5715.0,1500000.0
3,2.0,1440.0,6120.0,935000.0
3,2.0,1500.0,5750.0,770000.0
3,1.5,2160.0,5080.0,915000.0
4,5.5,3100.0,9450.0,1375000.0
1,1.0,522.0,5000.0,325000.0
3,2.0,1560.0,1170.0,920000.0
3,3.0,3400.0,8000.0,1150000.0
2,2.0,1761.0,9.2,665000.0
2,1.5,1076.0,1060.0,549000.0
2,2.0,1217.0,1331.0,787950.0
3,3.5,1450.0,1467.0,670000.0
2,1.0,1000.0,4400.0,750000.0
2,2.5,1124.0,1354.0,799950.0
4,3.5,3070.0,5016.0,1900000.0
1,1.0,480.0,560.0,275000.0
3,2.0,1860.0,3400.0,1165000.0
2,1.0,740.0,6300.0,500000.0
3,2.0,1440.0,9065.0,830000.0
1,1.0,758.0,0.0,469000.0
3,1.0,1340.0,6223.0,765000.0
3,3.0,1700.0,6882.0,1275000.0
4,3.5,2950.0,5000.0,1800000.0
1,1.0,616.0,0.0,374000.0
3,2.5,4240.0,9487.0,2725000.0
4,3.5,3495.0,4080.0,2000000.0
3,3.0,2560.0,2500.0,1300000.0
3,3.0,2040.0,4000.0,1000000.0
3,1.0,890.0,5200.0,575000.0
3,1.5,1730.0,5000.0,870000.0
1,1.0,816.0,0.0,560000.0
4,2.0,2400.0,8160.0,900000.0
3,2.5,1270.0,924.0,675000.0
4,3.0,1830.0,4000.0,1352000.0
3,2.5,2470.0,4452.0,800000.0
4,4.0,2300.0,5700.0,1210000.0
4,2.5,1600.0,2336.0,699000.0
1,1.0,510.0,0.0,308000.0
2,2.0,1387.0,0.0,649000.0
3,2.5,2230.0,7944.0,555000.0
1,1.0,956.0,5480.0,870000.0
3,3.0,1872.0,2475.0,1050000.0
4,5.0,2030.0,5124.0,700000.0
4,2.0,1980.0,2242.0,785000.0
3,3.0,1180.0,1003.0,729000.0
4,2.5,2630.0,4500.0,1340000.0
4,2.0,2010.0,4275.0,1100000.0
4,3.5,3487.0,9500.0,2010000.0
4,2.0,2570.0,3440.0,850000.0
2,2.0,1440.0,8100.0,390000.0
2,2.0,1131.0,0.43,470000.0
2,1.0,1440.0,7531.0,675000.0
3,3.5,2010.0,2208.0,1111111.0
2,3.0,1073.0,2.71,429900.0
4,3.5,3300.0,6840.0,1575000.0
4,2.0,3040.0,5272.0,1665500.0
4,2.5,2500.0,8760.0,577000.0
4,1.0,1810.0,5073.0,655500.0
2,2.0,1878.0,0.0,1171600.0
3,2.0,1411.0,0.35,699000.0
3,1.0,3960.0,0.25,722500.0
3,1.0,1000.0,9856.0,750000.0
5,2.0,2300.0,3315.0,1266000.0
2,2.5,890.0,0.0,510000.0
5,3.0,2820.0,7707.0,1550000.0
3,1.0,1620.0,3000.0,600000.0
3,2.0,1470.0,1232.0,875000.0
2,2.5,1088.0,0.77,475000.0
5,2.0,2160.0,7620.0,795000.0
3,3.5,3105.0,2557.0,2250000.0
2,2.0,1200.0,1247.0,699950.0
2,2.0,1240.0,583.0,710000.0
3,2.5,1550.0,1131.0,1065000.0
7,4.0,2300.0,2920.0,1095000.0
4,3.0,2466.0,6030.0,1299000.0
2,2.0,1817.0,1156.0,2100000.0
4,3.0,1500.0,3360.0,1155000.0
4,2.0,2380.0,4500.0,525000.0
2,2.0,1524.0,6250.0,710000.0
3,2.5,1370.0,982.0,699500.0
3,2.0,1449.0,939.0,720000.0
2,2.0,1140.0,1045.0,850000.0
3,2.5,1010.0,570.0,615000.0
9,5.0,3014.0,7908.0,835000.0
3,3.5,1450.0,1081.0,580000.0
2,2.0,1248.0,912.0,890955.0
4,2.0,2600.0,4224.0,1098500.0
3,2.0,1328.0,839.0,929950.0
1,1.0,614.0,0.37,369950.0
4,3.0,2481.0,8297.0,999000.0
4,1.0,1420.0,5240.0,445000.0
4,3.0,2040.0,5000.0,1410000.0
3,3.0,1390.0,5000.0,1095000.0
2,3.0,920.0,675.0,690000.0
4,3.5,1835.0,1884.0,1299950.0
4,2.0,1840.0,3760.0,825000.0
3,2.5,3020.0,7500.0,1450000.0
3,2.0,2520.0,4000.0,1050000.0
4,5.0,2240.0,5624.0,965000.0
3,3.5,1644.0,0.0,820000.0
3,2.5,1880.0,1282.0,725000.0
2,2.0,995.0,5000.0,850000.0
1,1.0,568.0,0.0,330000.0
2,3.0,1226.0,0.0,589990.0
2,1.0,730.0,6200.0,25000000.0
4,2.0,1500.0,4471.0,947000.0
3,2.0,2080.0,6769.0,800000.0
3,3.0,1425.0,1199.0,819950.0
4,2.5,3840.0,1.2,2195000.0
4,3.0,2074.0,1999.0,812500.0
5,3.0,3556.0,6120.0,2250000.0
1,1.0,1100.0,747.0,745000.0
2,1.0,730.0,5150.0,545000.0
4,2.0,1170.0,9216.0,390000.0
4,3.0,2240.0,8691.0,625000.0
4,2.0,1750.0,6380.0,855000.0
2,2.0,1695.0,0.0,1150000.0
5,3.0,2480.0,5100.0,1135000.0
4,2.5,1420.0,1800.0,760000.0
2,1.0,990.0,3844.0,474000.0
2,1.0,1520.0,4250.0,820000.0
5,2.0,2100.0,6000.0,599950.0
3,3.0,1740.0,5000.0,1010000.0
2,2.0,1760.0,6150.0,750000.0
2,2.0,1021.0,0.0,981250.0
4,3.5,3018.0,3600.0,1795000.0
2,1.5,1024.0,0.0,495000.0
1,1.0,945.0,0.0,385000.0
2,1.0,2380.0,6061.0,640000.0
5,5.0,3810.0,0.32,1180000.0
2,2.5,1048.0,834.0,899000.0
3,1.5,1610.0,4000.0,1106000.0
1,1.0,701.0,0.0,315000.0
4,2.5,2213.0,3367.0,1075000.0
2,2.0,1071.0,0.0,719000.0
2,1.0,850.0,3056.0,813000.0
3,3.0,1280.0,2600.0,900000.0
3,1.0,980.0,4200.0,700000.0
4,3.5,3840.0,0.32,1250000.0
2,2.0,1006.0,3.32,650000.0
4,2.0,1450.0,1000.0,1185000.0
4,2.0,2140.0,4947.0,960000.0
4,3.0,2480.0,4000.0,1605000.0
5,2.0,2420.0,4080.0,960000.0
3,4.5,1760.0,1008.0,1440000.0
2,2.0,1170.0,588.0,624999.0
3,2.0,1730.0,8421.0,910000.0
1,1.0,376.0,0.23,1000000.0
1,1.0,636.0,0.0,450000.0
3,2.0,1940.0,4850.0,895000.0
4,2.5,3400.0,6000.0,2100000.0
3,2.0,1360.0,7680.0,830000.0
2,2.0,875.0,901.0,656500.0
6,2.0,2230.0,5300.0,700000.0
5,2.0,4190.0,8500.0,2300000.0
3,2.5,2220.0,3060.0,1167500.0
2,1.0,830.0,1980.0,450000.0
3,2.5,2090.0,5000.0,820000.0
3,1.0,1210.0,6000.0,795000.0
2,1.0,691.0,1.0,998000.0
3,2.5,1820.0,1.0,690000.0
4,2.5,3105.0,7875.0,1040000.0
4,2.0,1680.0,7840.0,517500.0
3,2.0,2495.0,4000.0,1250000.0
5,3.0,2450.0,4980.0,1270000.0
4,2.0,2787.0,6011.0,1207000.0
5,3.5,3310.0,2943.0,1637500.0
2,2.0,1699.0,0.0,640000.0
5,4.0,3180.0,3400.0,2100000.0
5,2.5,3350.0,8317.0,1275000.0
2,2.0,1365.0,770.0,799000.0
3,3.0,1660.0,7650.0,1200000.0
3,1.5,1880.0,6194.0,489000.0
1,1.0,580.0,4657.0,395000.0
3,2.0,1270.0,0.26,590000.0
3,1.0,860.0,5400.0,699000.0
1,1.0,580.0,0.0,475000.0
3,3.5,1840.0,1312.0,1025000.0
1,1.0,615.0,0.0,315000.0
5,3.0,2140.0,7244.0,850000.0
2,2.0,1437.0,1085.0,969950.0
2,1.5,1390.0,746.0,759950.0
2,1.5,870.0,938.0,700000.0
5,4.5,2840.0,3200.0,500000.0
3,2.0,2260.0,3880.0,877000.0
2,2.0,886.0,1037.0,660000.0
1,1.0,505.0,0.0,325000.0
2,1.0,1048.0,0.66,760000.0
4,2.0,1800.0,7455.0,1100000.0
2,2.0,1390.0,8509.0,954500.0
3,2.5,2600.0,8023.0,1475000.0
4,2.0,2640.0,8385.0,780000.0
2,1.5,1020.0,1249.0,765000.0
3,3.0,2630.0,3755.0,1130000.0
4,3.5,2910.0,4000.0,1865000.0
3,2.0,1580.0,5040.0,1000000.0
2,1.0,885.0,3.54,389000.0
3,2.0,2100.0,5750.0,1325000.0
4,2.0,2010.0,9612.0,1250000.0
4,2.0,1480.0,6820.0,830000.0
3,2.0,1560.0,2400.0,1180000.0
1,1.0,889.0,0.0,648888.0
1,1.0,664.0,0.0,322000.0
2,2.0,804.0,5000.0,465600.0
4,2.0,2080.0,3850.0,975000.0
2,1.0,910.0,2000.0,800000.0
3,2.5,1620.0,7500.0,875100.0
3,3.5,1970.0,1125.0,868500.0
3,2.0,1720.0,6720.0,869000.0
4,2.0,1545.0,4963.0,1253000.0
3,2.5,1710.0,4814.0,1190000.0
1,2.0,1141.0,0.41,699950.0
2,3.0,1276.0,1187.0,520000.0
2,1.5,1978.0,5000.0,858000.0
2,1.0,1060.0,8908.0,700000.0
5,3.5,3220.0,4640.0,820000.0
4,2.0,1170.0,9594.0,530000.0
3,2.0,1770.0,5100.0,660000.0
2,2.0,1420.0,1232.0,690000.0
4,2.5,2980.0,3618.0,1445000.0
4,1.5,1630.0,7182.0,734950.0
1,1.0,743.0,0.0,522250.0
2,1.0,680.0,8795.0,625000.0
2,1.0,900.0,6030.0,409050.0
1,1.0,635.0,0.0,380000.0
5,3.5,3400.0,4560.0,3340000.0
3,2.0,1300.0,2250.0,735000.0
2,2.0,1094.0,5250.0,675000.0
3,2.5,1763.0,2498.0,1125000.0
2,1.0,940.0,3300.0,550000.0
3,2.5,1820.0,1595.0,990000.0
1,1.0,650.0,0.0,468000.0
2,2.0,1200.0,1247.0,705000.0
3,2.0,1939.0,0.31,1070000.0
4,2.0,1780.0,5000.0,1181500.0
3,2.0,2370.0,4400.0,1180000.0
2,2.5,1411.0,1201.0,830000.0
2,1.0,512.0,0.0,312000.0
4,2.5,2360.0,5725.0,1750000.0
3,2.0,2630.0,9702.0,1290000.0
5,3.0,2700.0,5670.0,1025000.0
1,1.0,605.0,0.0,370000.0
2,1.0,767.0,0.0,349950.0
2,1.0,1015.0,0.0,650000.0
2,2.0,1245.0,0.0,330000.0
1,1.0,513.0,0.66,315000.0
1,1.0,780.0,8960.0,500000.0
4,3.0,2050.0,4362.0,920000.0
2,2.0,1060.0,0.0,650000.0
2,2.0,950.0,1308.0,705000.0
3,1.5,1870.0,9975.0,500000.0
3,2.5,1060.0,1124.0,765000.0
3,2.5,1860.0,1063.0,1025000.0
3,1.5,1420.0,6009.0,980000.0
3,1.0,1390.0,3090.0,850000.0
3,2.0,1096.0,1.0,874500.0
3,1.0,1100.0,4120.0,468000.0
3,1.0,1010.0,7100.0,475000.0
3,3.5,1730.0,0.0,975000.0
2,1.5,1480.0,6000.0,948800.0
3,2.0,1890.0,6808.0,700000.0
4,2.0,2500.0,4414.0,972500.0
4,3.5,2840.0,4000.0,925000.0
3,2.0,1608.0,1568.0,732000.0
2,2.5,1701.0,1827.0,1354000.0
1,1.0,376.0,0.23,1000000.0
1,2.0,1250.0,5183.0,160000.0
3,2.5,1790.0,1600.0,1050000.0
4,2.0,1670.0,7260.0,650000.0
3,2.0,1640.0,5100.0,900000.0
4,4.5,3228.0,3600.0,2050000.0
4,2.0,1720.0,4242.0,705000.0
4,2.0,2060.0,8762.0,575000.0
3,2.0,1840.0,3432.0,865000.0
4,3.5,3180.0,3375.0,2485000.0
3,3.0,1760.0,8160.0,670000.0
2,1.0,1350.0,6600.0,799950.0
2,2.0,1403.0,0.0,480000.0
3,2.0,1740.0,3519.0,1310000.0
3,2.0,1490.0,1050.0,900000.0
3,3.0,2380.0,6172.0,1385000.0
1,1.0,815.0,0.48,465000.0
4,3.5,2900.0,7470.0,1337000.0
5,3.0,2370.0,5292.0,800000.0
4,1.0,2470.0,0.31,770000.0
4,1.0,1740.0,6000.0,925000.0
1,1.0,690.0,0.0,290000.0
5,3.5,2610.0,3623.0,915000.0
4,3.5,2015.0,1886.0,1240000.0
5,3.5,3880.0,6000.0,2975000.0
4,2.0,2280.0,0.25,625000.0
4,3.0,2570.0,4480.0,1555000.0
5,2.0,2740.0,2850.0,1175000.0
2,2.0,1469.0,1762.0,900000.0
3,2.5,2860.0,4500.0,1630000.0
2,2.0,1479.0,0.0,640000.0
5,4.5,3370.0,5100.0,1975000.0
3,1.0,1300.0,3520.0,1000000.0
2,1.0,780.0,8184.0,675000.0
5,6.0,6990.0,4703.0,1880000.0
2,2.5,867.0,1753.0,679000.0
2,2.0,1217.0,0.0,787950.0
3,2.5,2120.0,5120.0,1365000.0
2,2.0,1042.0,0.0,639000.0
2,2.0,1163.0,583.0,648800.0
3,3.5,1580.0,0.0,760000.0
3,2.0,1740.0,8309.0,1070000.0
4,3.0,1810.0,5850.0,1118000.0
1,1.0,1186.0,0.0,665000.0
3,1.0,1177.0,6150.0,650000.0
2,1.5,770.0,850.0,550000.0
4,2.0,1870.0,5280.0,1040000.0
1,1.0,696.0,4.27,305000.0
3,2.5,1380.0,1464.0,523750.0
2,1.0,1650.0,6650.0,630000.0
3,2.0,1640.0,5145.0,700000.0
3,3.5,1360.0,1248.0,700000.0
3,1.0,970.0,8160.0,625000.0
1,1.0,490.0,0.0,250000.0
5,2.0,2180.0,8100.0,950000.0
4,3.5,2970.0,3751.0,2080000.0
4,2.0,2340.0,4560.0,1800000.0
3,3.0,1420.0,6037.0,950000.0
3,2.5,1520.0,2814.0,818000.0
2,2.0,1242.0,742.0,769950.0
4,3.0,3410.0,7389.0,1850000.0
4,1.0,1150.0,5665.0,575000.0
1,1.0,691.0,0.0,321000.0
3,2.0,1170.0,979.0,740000.0
3,2.0,1360.0,8100.0,850000.0
2,2.0,1200.0,1948.0,620000.0
4,2.0,2680.0,6035.0,950000.0
2,1.0,670.0,6300.0,510000.0
1,1.0,545.0,0.0,350000.0
3,3.5,1240.0,1164.0,690000.0
1,1.0,700.0,0.0,300000.0
4,3.0,2940.0,4000.0,1250000.0
2,2.0,1187.0,1093.0,750000.0
4,2.0,1488.0,3920.0,750000.0
3,1.0,970.0,0.28,515000.0
3,2.5,1681.0,3.97,610000.0
2,2.0,1144.0,4850.0,769950.0
4,3.5,2860.0,5880.0,1657500.0
1,1.0,773.0,0.0,425000.0
3,2.5,3100.0,4120.0,2610000.0
4,3.5,2400.0,3060.0,1750000.0
3,2.5,2920.0,9918.0,985000.0
2,1.0,876.0,0.0,550000.0
5,3.0,3450.0,3920.0,1981000.0
3,2.5,1330.0,936.0,819999.0
4,3.5,2440.0,7200.0,1185000.0
3,3.5,1580.0,1312.0,950000.0
3,2.0,2299.0,6022.0,1435000.0
1,1.0,594.0,0.0,360000.0
1,1.0,475.0,0.0,385000.0
5,3.0,2360.0,2833.0,1240000.0
4,3.0,1780.0,5005.0,1184000.0
3,2.0,2250.0,8030.0,2080000.0
2,2.0,1073.0,0.0,429900.0
5,3.0,1900.0,8160.0,895000.0
5,2.5,3090.0,6161.0,1600000.0
5,6.5,6240.0,6750.0,3122000.0
1,1.0,573.0,0.0,310000.0
2,1.0,770.0,5569.0,640000.0
1,1.0,820.0,0.31,590000.0
3,2.0,1622.0,1521.0,692950.0
2,1.0,1210.0,2000.0,725000.0
3,1.5,1240.0,5000.0,850000.0
3,3.0,2080.0,2486.0,762000.0
2,2.0,875.0,898.0,625000.0
1,1.0,597.0,0.0,360000.0
2,2.0,1370.0,0.0,280000.0
4,2.0,2425.0,5500.0,1295000.0
4,2.5,1760.0,2670.0,925000.0
2,2.5,994.0,1388.0,670000.0
1,1.0,515.0,1.31,387000.0
3,3.5,1660.0,1228.0,765000.0
4,2.0,1730.0,7723.0,875000.0
5,3.0,1790.0,0.23,964000.0
1,1.0,715.0,0.0,500000.0
2,2.0,1470.0,1094.0,718000.0
3,2.0,2440.0,2700.0,1000000.0
4,2.0,2880.0,5000.0,1485000.0
3,2.0,1678.0,1191.0,1160000.0
3,2.0,1400.0,1281.0,780000.0
6,4.5,5200.0,0.25,3050000.0
1,1.0,806.0,0.0,525000.0
4,3.0,2311.0,6048.0,1211000.0
3,1.5,1060.0,6765.0,535000.0
2,1.0,1150.0,7425.0,575000.0
5,3.0,2580.0,4462.0,1500000.0
4,3.5,3240.0,5600.0,2675000.0
5,3.5,3710.0,5259.0,2525000.0
4,3.5,1632.0,0.3,825000.0
6,7.0,4641.0,5000.0,1850000.0
3,3.5,1846.0,2250.0,1170000.0
2,2.0,1353.0,0.0,770000.0
3,2.0,1240.0,5400.0,705000.0
2,1.0,1760.0,4264.0,550000.0
2,3.0,1290.0,0.0,845000.0
1,1.5,1285.0,0.96,1250000.0
4,2.5,3707.0,8100.0,2100000.0
3,2.0,1120.0,5518.0,600000.0
6,5.0,3300.0,6800.0,3598950.0
3,2.0,2160.0,4590.0,825000.0
2,1.0,1440.0,7080.0,488000.0
5,2.0,2567.0,4995.0,1550000.0
3,2.0,1960.0,3300.0,865000.0
3,3.5,1657.0,0.0,847198.0
5,3.0,2610.0,2550.0,1795000.0
2,2.0,1213.0,0.0,800000.0
1,1.0,777.0,4.06,244950.0
3,3.5,1590.0,1314.0,899000.0
2,2.0,1893.0,0.0,727000.0
3,1.5,1570.0,3880.0,975000.0
4,3.0,2440.0,8556.0,1850000.0
4,4.0,3463.0,4304.0,2050000.0
2,4.5,1840.0,1500.0,1049000.0
2,2.0,1554.0,9.2,660000.0
1,1.0,567.0,0.0,451000.0
1,1.0,665.0,0.0,479425.0
2,1.0,950.0,4300.0,337000.0
2,2.0,1371.0,5480.0,1295000.0
3,2.0,2040.0,4000.0,695000.0
4,2.5,2780.0,8967.0,1530000.0
5,3.5,3410.0,5000.0,1725000.0
2,1.5,2280.0,4000.0,650000.0
3,2.0,2100.0,7800.0,510000.0
2,2.0,1101.0,1608.0,780000.0
4,3.5,1964.0,0.0,1180000.0
3,1.5,1030.0,6086.0,739000.0
2,2.0,1042.0,1615.0,630000.0
3,3.5,1740.0,5000.0,1020000.0
1,2.0,1302.0,0.0,740000.0
2,2.0,905.0,0.0,670000.0
1,1.0,460.0,8094.0,1250000.0
3,2.0,1540.0,993.0,900000.0
1,1.0,656.0,0.0,470000.0
5,2.0,2800.0,6250.0,1200000.0
3,3.5,2480.0,5118.0,1500000.0
5,3.0,2170.0,6650.0,740000.0
5,4.0,2447.0,3100.0,1500000.0
3,2.0,2164.0,4000.0,800000.0
2,1.0,740.0,7500.0,553500.0
3,2.5,2080.0,5160.0,1200000.0
2,1.0,1800.0,2613.0,25000000.0
2,2.0,1180.0,792.0,527000.0
3,2.0,2020.0,5525.0,1625000.0
3,3.5,1150.0,1199.0,625000.0
3,2.0,1220.0,1.0,824900.0
2,1.0,810.0,6400.0,435000.0
1,1.0,696.0,0.41,400000.0
3,3.5,2030.0,2500.0,1200000.0
5,3.5,3930.0,7650.0,1800000.0
5,2.0,2920.0,7800.0,1359000.0
4,2.0,1460.0,5000.0,787500.0
4,1.5,2770.0,3038.0,850000.0
2,2.0,1523.0,0.0,1425000.0
3,3.5,1690.0,1444.0,965000.0
3,1.0,1170.0,8100.0,825000.0
4,2.0,2370.0,8775.0,1125000.0
1,1.0,712.0,0.0,620000.0
2,1.0,976.0,2064.0,475000.0
2,2.0,1042.0,0.0,610000.0
2,2.0,1040.0,0.29,685000.0
1,1.0,722.0,0.0,452100.0
2,2.0,1367.0,0.0,1350000.0
1,1.0,733.0,0.0,490000.0
2,1.0,970.0,0.0,480000.0
3,2.0,1711.0,1171.0,675500.0
2,1.0,860.0,8280.0,675000.0
1,1.0,712.0,0.0,385000.0
1,1.0,704.0,1.0,569000.0
3,2.5,1790.0,5761.0,590000.0
3,2.0,2140.0,7200.0,918000.0
4,3.0,2040.0,6348.0,940000.0
3,2.0,1894.0,2340.0,697000.0
4,2.5,2750.0,5589.0,1680000.0
4,3.5,2900.0,5040.0,1600000.0
2,1.0,670.0,4500.0,490000.0
4,2.5,2190.0,4590.0,1075000.0
4,1.5,1810.0,9998.0,764000.0
3,3.0,1440.0,5300.0,1050000.0
3,2.0,2170.0,7920.0,560000.0
2,2.0,993.0,0.24,709600.0
3,3.5,1450.0,1020.0,835000.0
4,3.5,2336.0,2392.0,975000.0
4,3.0,2320.0,4640.0,1472500.0
3,2.0,1470.0,2226.0,600000.0
1,1.0,672.0,0.0,485000.0
3,1.5,990.0,4500.0,775000.0
4,3.0,2110.0,7680.0,1180000.0
3,1.0,1670.0,5500.0,731000.0
3,2.0,2060.0,5280.0,756110.0
3,1.0,1920.0,7550.0,456000.0
3,2.5,2910.0,5200.0,1975000.0
2,1.5,912.0,1.0,819980.0
1,1.0,645.0,0.0,305000.0
2,2.5,1160.0,1332.0,850000.0
3,1.0,2280.0,6900.0,1005000.0
3,2.5,1515.0,1563.0,905000.0
3,2.5,2600.0,9100.0,875000.0
3,2.0,1000.0,1916.0,710000.0
2,1.0,672.0,0.28,373000.0
2,2.0,1320.0,0.0,860000.0
3,2.0,2190.0,5000.0,840000.0
1,2.0,1517.0,0.32,1350000.0
4,2.0,2160.0,4000.0,1400000.0
4,1.0,2290.0,2703.0,905000.0
3,1.0,1920.0,9399.0,725000.0
3,3.0,1540.0,1044.0,800000.0
2,2.0,983.0,0.0,542500.0
2,1.5,1670.0,5500.0,1025000.0
2,2.0,880.0,0.0,614500.0
2,2.0,1526.0,0.0,825000.0
1,1.0,569.0,0.0,435000.0
4,3.0,2700.0,8360.0,1100000.0
2,2.5,2282.0,2.75,475000.0
7,3.5,4530.0,5047.0,2950000.0
1,1.0,698.0,0.0,399999.0
3,2.0,1590.0,2500.0,880000.0
2,1.0,770.0,0.0,460000.0
3,2.0,2840.0,5196.0,1400000.0
6,3.0,2350.0,8800.0,850000.0
1,1.0,630.0,0.35,335000.0
1,1.0,482.0,0.0,220000.0
4,3.5,4350.0,7000.0,2000000.0
1,3.0,1730.0,5500.0,750000.0
1,1.0,761.0,0.0,400000.0
3,2.0,1684.0,1395.0,870000.0
3,2.5,2040.0,3298.0,1200000.0
2,2.0,1057.0,0.28,599900.0
3,2.0,2256.0,3500.0,1370000.0
4,2.0,1900.0,5350.0,670000.0
2,1.0,760.0,8686.0,775000.0
2,1.0,780.0,6860.0,395000.0
4,3.0,3020.0,3254.0,1499000.0
1,2.5,2220.0,2519.0,1200000.0
2,2.0,877.0,0.0,415000.0
4,2.0,1530.0,8782.0,645000.0
2,1.0,850.0,6000.0,580000.0
3,2.5,1860.0,7992.0,1050000.0
2,2.0,980.0,3000.0,849950.0
3,2.0,1470.0,1348.0,933500.0
2,1.0,980.0,2226.0,598000.0
2,2.0,1003.0,0.0,875000.0
3,1.0,996.0,2588.0,560000.0
1,1.0,980.0,3700.0,485000.0
4,1.5,2380.0,5500.0,937000.0
2,2.0,2470.0,4800.0,1525000.0
4,4.0,2120.0,6000.0,900000.0
2,2.5,840.0,2891.0,720000.0
4,5.0,1910.0,6750.0,800000.0
2,1.0,1380.0,6613.0,640000.0
4,5.0,2390.0,6156.0,1500000.0
4,3.0,2840.0,4550.0,1399990.0
2,1.0,875.0,0.0,355000.0
3,2.5,1813.0,0.0,1275000.0
3,3.5,2996.0,5219.0,2050000.0
5,3.5,5020.0,5880.0,1550000.0
3,2.0,1498.0,1238.0,935000.0
2,1.0,711.0,5011.0,485000.0
4,3.0,2740.0,5616.0,1220000.0
3,2.0,1328.0,859.0,920000.0
2,2.0,1332.0,1101.0,845000.0
3,2.0,2020.0,6397.0,840000.0
1,1.0,916.0,0.0,652500.0
2,2.0,1546.0,1368.0,669000.0
4,3.0,2970.0,7350.0,720000.0
3,3.5,1615.0,1.0,796000.0
2,2.0,1170.0,588.0,625000.0
3,2.0,1350.0,1056.0,722500.0
2,2.0,1143.0,672.0,689900.0
3,2.5,1220.0,1095.0,900000.0
4,1.5,2100.0,6532.0,875000.0
4,1.5,3200.0,5508.0,1290000.0
1,2.0,1137.0,0.0,930000.0
3,2.0,2930.0,0.7,775000.0
2,1.0,808.0,0.0,422500.0
4,4.0,2550.0,5300.0,1550000.0
2,2.0,789.0,0.27,475000.0
3,3.0,2546.0,3600.0,1810000.0
2,1.0,680.0,8382.0,565000.0
2,1.5,1000.0,1000.0,640000.0
3,2.0,1676.0,4828.0,840000.0
2,1.0,985.0,0.0,790000.0
1,1.0,750.0,5750.0,725000.0
1,1.0,843.0,0.0,370000.0
4,2.0,3220.0,7800.0,2000000.0
2,2.0,2340.0,6802.0,1398000.0
1,1.0,543.0,0.0,390000.0
5,3.0,4040.0,4320.0,1650000.0
2,1.0,990.0,4800.0,455000.0
4,4.0,2850.0,4900.0,1755000.0
4,2.5,1620.0,6120.0,849950.0
1,1.0,514.0,0.0,345000.0
2,1.0,1240.0,4317.0,656500.0
3,2.5,1620.0,1377.0,935000.0
3,3.0,1608.0,2039.0,625000.0
4,1.0,1530.0,6250.0,740000.0
4,2.0,2270.0,3600.0,1335000.0
1,1.0,908.0,0.0,475000.0
2,1.0,1180.0,1560.0,677000.0
1,1.0,672.0,0.54,464000.0
3,1.5,998.0,904.0,610000.0
4,2.0,2220.0,5775.0,740000.0
1,1.0,700.0,0.41,405000.0
7,6.0,7636.0,8625.0,2225000.0
4,5.5,3530.0,0.44,1550000.0
3,2.0,1620.0,3840.0,675000.0
4,3.0,1620.0,3380.0,950000.0
2,2.0,1138.0,0.0,515000.0
1,1.0,669.0,0.0,385000.0
4,3.5,2600.0,4101.0,1060000.0
3,2.0,1960.0,6138.0,900000.0
2,2.0,950.0,0.68,395000.0
2,2.0,1410.0,0.25,880000.0
2,1.5,1022.0,1.0,729000.0
4,2.0,2840.0,5750.0,1175000.0
1,1.0,712.0,0.0,500000.0
5,2.0,1920.0,4173.0,739000.0
3,3.5,3880.0,0.29,2500000.0
3,2.0,1010.0,6300.0,650000.0
6,4.0,3300.0,3810.0,1237500.0
3,1.0,1070.0,6567.0,580000.0
3,1.0,1270.0,7140.0,1050000.0
3,2.0,1413.0,1.0,1099970.0
3,2.5,1820.0,3090.0,1030000.0
2,2.0,1415.0,0.0,469000.0
3,3.0,2212.0,0.0,1470000.0
3,3.5,3290.0,7338.0,1400000.0
2,2.0,1391.0,1049.0,672500.0
2,2.0,1372.0,900.0,649950.0
2,1.5,960.0,8057.0,515000.0
3,2.5,1890.0,1097.0,699000.0
4,3.0,2230.0,6700.0,1150000.0
1,1.5,952.0,0.0,750000.0
2,1.0,925.0,0.0,535000.0
4,2.0,1820.0,5600.0,760000.0
8,4.5,3600.0,4360.0,1500000.0
2,2.5,1305.0,2044.0,770000.0
3,2.0,1840.0,3880.0,959630.0
1,1.0,782.0,0.0,519990.0
2,2.5,1040.0,990.0,705000.0
2,2.0,1050.0,0.0,480000.0
2,2.0,1019.0,0.0,813000.0
4,2.5,3198.0,5000.0,1712000.0
1,1.0,557.0,0.0,222000.0
2,2.5,950.0,1500.0,675000.0
3,1.0,1050.0,4080.0,835000.0
1,1.0,533.0,0.0,300000.0
3,1.0,860.0,8054.0,425000.0
4,3.0,1890.0,1097.0,699000.0
2,2.5,1138.0,3.97,515000.0
4,2.0,1830.0,9920.0,535000.0
2,1.0,1980.0,2295.0,699950.0
3,5.5,1730.0,1766.0,850000.0
3,3.0,2462.0,2272.0,915000.0
3,3.5,1300.0,1994.0,583000.0
4,2.0,1550.0,6000.0,1325000.0
3,3.5,1679.0,1.0,689000.0
3,1.0,1220.0,5850.0,680000.0
3,1.5,1540.0,8505.0,535000.0
3,2.0,1520.0,2185.0,916500.0
3,1.0,1320.0,6250.0,529000.0
2,1.0,1290.0,1875.0,640000.0
3,2.5,1870.0,837.0,890000.0
3,3.5,1762.0,1494.0,1000000.0
3,1.0,1240.0,4842.0,531000.0
3,1.5,1307.0,1362.0,650000.0
2,2.0,1167.0,0.0,650000.0
2,1.5,1070.0,1569.0,849950.0
2,1.0,1820.0,7500.0,1037300.0
3,2.0,1790.0,4080.0,900000.0
5,3.5,3700.0,5520.0,2050000.0
4,3.5,3340.0,6300.0,2100000.0
4,2.5,2250.0,7650.0,924900.0
3,2.0,1799.0,1471.0,940000.0
1,1.0,584.0,0.0,411000.0
5,2.5,4639.0,8036.0,3350000.0
3,1.0,1810.0,0.24,512000.0
1,1.0,907.0,0.0,585000.0
3,2.0,2120.0,6009.0,1345000.0
1,1.0,616.0,0.35,399900.0
6,6.0,1780.0,7900.0,733500.0
4,2.0,2630.0,8750.0,1350000.0
5,3.0,3060.0,6250.0,950000.0
3,2.0,2700.0,0.37,734000.0
5,4.0,2030.0,6000.0,670000.0
3,2.5,1620.0,1423.0,770000.0
5,4.5,5704.0,7200.0,4000000.0
2,1.0,700.0,4000.0,800000.0
2,3.0,1260.0,3920.0,770000.0
4,2.0,1770.0,3920.0,1425000.0
4,2.5,1812.0,1632.0,825000.0
1,1.0,648.0,0.0,395000.0
2,2.0,840.0,1177.0,725000.0
3,2.0,2100.0,7800.0,845000.0
5,3.0,2550.0,9192.0,1450000.0
1,1.0,774.0,0.0,265000.0
2,2.5,1736.0,0.0,970000.0
3,2.5,2198.0,2621.0,1675000.0
2,1.0,770.0,6501.0,620000.0
2,2.0,1150.0,2462.0,725000.0
3,2.0,2330.0,5280.0,1098000.0
5,4.5,4693.0,0.24,2650000.0
3,3.0,1790.0,7286.0,755000.0
4,3.5,2960.0,4500.0,1700000.0
1,1.0,591.0,0.0,434000.0
2,2.0,1391.0,0.34,860000.0
3,2.0,1160.0,7500.0,566000.0
1,1.0,720.0,0.0,365000.0
1,1.0,701.0,0.0,325000.0
4,2.0,2570.0,4800.0,1495000.0
3,2.0,1611.0,4648.0,915000.0
4,2.5,2474.0,2970.0,1725000.0
3,2.0,1300.0,2997.0,778000.0
2,2.5,840.0,1224.0,620000.0
2,2.0,1100.0,698.0,749000.0
3,2.5,2730.0,3000.0,1199000.0
2,2.0,1004.0,0.0,325000.0
3,3.0,1650.0,1622.0,950000.0
3,3.0,1650.0,1376.0,974999.0
4,1.0,1850.0,4500.0,600000.0
5,3.5,4050.0,3600.0,2895000.0
1,1.0,865.0,1.26,712500.0
2,2.0,1252.0,0.0,1349000.0
3,3.0,1790.0,7080.0,1325000.0
5,3.0,2020.0,6000.0,899000.0
3,1.5,1280.0,4000.0,750000.0
4,2.0,1630.0,4982.0,942000.0
3,3.5,1460.0,1200.0,740000.0
3,2.0,1210.0,1374.0,875000.0
4,2.0,2080.0,5250.0,1098000.0
4,2.0,3542.0,5000.0,1150000.0
3,1.5,2200.0,4800.0,860000.0
1,1.0,603.0,0.0,400000.0
2,2.0,1456.0,0.0,575000.0
2,2.5,1169.0,1092.0,615000.0
2,1.0,1770.0,4800.0,926000.0
4,2.0,1641.0,6122.0,538800.0
1,1.0,600.0,0.0,310000.0
2,1.5,860.0,1154.0,734950.0
4,3.5,4990.0,0.25,4815000.0
3,2.0,1749.0,1149.0,699950.0
3,4.0,1580.0,1086.0,825000.0
3,2.5,2340.0,8000.0,1900000.0
6,3.0,2440.0,8000.0,925000.0
1,1.0,705.0,0.0,490000.0
2,2.0,1227.0,1393.0,715000.0
5,4.0,2734.0,3774.0,1300000.0
2,2.0,839.0,0.53,385000.0
3,1.0,1120.0,7407.0,708000.0
3,2.0,1482.0,1085.0,919000.0
3,3.5,1680.0,1486.0,675000.0
2,2.0,1400.0,0.34,699950.0
3,2.0,1370.0,0.5,910000.0
1,1.0,889.0,0.0,550000.0
4,2.0,2140.0,6250.0,1150000.0
2,2.0,795.0,0.0,590000.0
3,2.0,1710.0,4267.0,659000.0
3,3.0,2850.0,4200.0,1175000.0
4,5.0,3040.0,5002.0,1057500.0
3,1.0,1290.0,6048.0,799000.0
3,2.0,2360.0,0.28,565000.0
3,3.5,1942.0,1603.0,1187000.0
2,2.0,963.0,4753.0,701000.0
1,1.0,756.0,0.0,480000.0
4,6.0,3300.0,5810.0,1795000.0
4,2.0,2060.0,4206.0,1025000.0
1,1.0,672.0,0.0,450000.0
3,2.5,1760.0,3630.0,1135000.0
1,1.5,924.0,0.0,568000.0
3,2.0,2500.0,5000.0,648000.0
2,2.0,1800.0,0.72,699950.0
1,1.0,574.0,0.0,429950.0
2,2.0,2241.0,1.09,2450000.0
3,1.5,2320.0,4000.0,1275000.0
2,2.0,1415.0,0.0,449000.0
3,1.5,1750.0,2460.0,925000.0
3,3.0,2340.0,6640.0,974898.0
4,2.0,1690.0,0.32,550000.0
3,2.5,2320.0,3500.0,1175000.0
2,1.0,1760.0,5000.0,700000.0
1,1.0,685.0,0.0,570000.0
2,2.0,946.0,3250.0,690000.0
3,2.0,1610.0,3060.0,540000.0
3,1.0,1390.0,3774.0,450000.0
2,1.0,1620.0,6600.0,487639.0
4,2.5,2010.0,6000.0,982000.0
2,1.5,890.0,2875.0,510000.0
2,2.0,964.0,3.97,512500.0
2,1.0,980.0,2226.0,598000.0
4,4.0,3310.0,4313.0,1215000.0
2,1.0,840.0,4263.0,485000.0
2,2.0,1878.0,0.0,515000.0
3,2.0,1910.0,2000.0,1090000.0
2,1.0,900.0,4066.0,474000.0
3,2.0,2210.0,7200.0,1425000.0
3,2.5,2168.0,0.0,1700000.0
3,2.0,2760.0,4800.0,1235000.0
2,2.5,2760.0,3.06,1440000.0
2,2.5,1291.0,793.0,680000.0
7,6.0,3780.0,5020.0,1210000.0
4,3.0,2190.0,4000.0,1685000.0
4,3.5,4027.0,0.3,2170000.0
4,2.5,3410.0,9602.0,1700000.0
5,2.0,2470.0,3880.0,905000.0
3,2.0,1850.0,3880.0,890000.0
4,3.0,2430.0,5160.0,995000.0
2,2.0,1395.0,797.0,751849.0
2,1.5,1290.0,5100.0,869000.0
4,1.0,1485.0,6050.0,500000.0
1,1.0,718.0,0.65,525000.0
3,2.5,2220.0,8353.0,1350000.0
2,2.0,899.0,0.0,587000.0
2,1.0,785.0,0.0,470000.0
3,3.0,2225.0,0.0,2850000.0
3,2.0,1648.0,6250.0,765000.0
5,3.0,1840.0,5415.0,650000.0
3,2.5,1785.0,1500.0,850000.0
3,1.5,1520.0,9405.0,1200000.0
3,1.5,1460.0,0.25,410000.0
2,2.0,1656.0,0.0,642000.0
3,1.5,1690.0,4226.0,625000.0
4,2.5,3200.0,0.28,1100000.0
2,2.0,1030.0,4507.0,825000.0
3,2.5,1220.0,1095.0,900000.0
3,2.0,1330.0,2875.0,705000.0
2,1.0,877.0,4.06,350000.0
2,2.0,1254.0,0.0,1069000.0
4,3.0,3160.0,4830.0,1425000.0
3,2.0,1305.0,4400.0,714000.0
3,2.0,2798.0,3667.0,1185000.0
4,2.0,2100.0,4799.0,1000000.0
3,2.5,1620.0,5000.0,885000.0
1,1.0,801.0,0.54,499995.0
5,2.0,2180.0,4000.0,927500.0
2,2.0,1025.0,0.0,470000.0
3,2.5,1830.0,1929.0,1150000.0
3,2.5,1800.0,2380.0,715000.0
3,2.0,2470.0,4192.0,705000.0
2,1.0,2090.0,3290.0,820000.0
1,1.0,661.0,8255.0,415000.0
5,5.0,2440.0,0.36,1505000.0
3,1.5,1770.0,0.52,539000.0
3,2.5,1540.0,1189.0,756000.0
5,4.0,3510.0,5400.0,1735000.0
5,3.0,2480.0,5300.0,845000.0
4,2.5,1690.0,6000.0,399950.0
9,6.0,6139.0,5750.0,2800000.0
5,4.0,4770.0,9000.0,1140000.0
2,2.0,1353.0,0.0,749000.0
3,1.5,1190.0,4800.0,197009.0
5,3.5,4280.0,4000.0,2300000.0
1,1.0,810.0,7500.0,385000.0
3,2.0,1540.0,3755.0,632500.0
3,2.5,1660.0,8450.0,695000.0
3,2.0,1640.0,4320.0,907500.0
2,1.0,1600.0,3750.0,852500.0
4,2.0,1300.0,6240.0,589950.0
2,2.0,1192.0,583.0,674800.0
2,1.0,720.0,4000.0,540000.0
2,2.0,1171.0,0.0,685000.0
3,2.5,1390.0,1242.0,569995.0
4,1.5,2260.0,0.27,678000.0
2,1.0,585.0,0.31,430000.0
4,2.5,1333.0,1.22,476000.0
4,1.0,1530.0,7810.0,565000.0
2,1.0,1720.0,3175.0,619000.0
1,1.0,591.0,0.0,405000.0
2,1.0,839.0,0.25,449000.0
2,2.0,886.0,1037.0,640000.0
1,1.0,872.0,0.0,550000.0
4,3.5,2780.0,3060.0,900000.0
3,3.5,1770.0,1669.0,1025000.0
4,2.5,3096.0,9375.0,1870000.0
2,1.0,1750.0,3200.0,840000.0
5,3.0,3110.0,0.24,2800000.0
1,1.0,608.0,0.57,360000.0
2,2.0,866.0,0.0,543000.0
3,2.0,1710.0,6179.0,1015000.0
3,2.0,1250.0,1306.0,750000.0
4,2.0,3195.0,5434.0,1490000.0
7,3.5,3550.0,7680.0,1850000.0
3,1.5,2800.0,3876.0,1000000.0
7,7.0,3580.0,5500.0,1850000.0
3,3.5,1650.0,1701.0,1050000.0
1,1.0,610.0,0.0,340000.0
4,2.0,2950.0,3417.0,1200000.0
4,3.0,2480.0,5000.0,1950000.0
3,2.0,1600.0,6845.0,500000.0
1,1.0,662.0,0.0,685000.0
4,2.5,2660.0,5300.0,1745000.0
4,3.0,2960.0,8645.0,875000.0
3,2.5,2060.0,1142.0,1170000.0
3,3.0,1860.0,3060.0,1260000.0
3,1.5,1833.0,2114.0,985000.0
3,2.0,1404.0,9974.0,449000.0
3,3.0,1540.0,993.0,900000.0
1,1.0,772.0,0.0,439000.0
4,1.0,2169.0,0.23,867000.0
3,2.0,1840.0,5100.0,851000.0
3,4.0,2080.0,8777.0,2250000.0
4,3.5,3738.0,4000.0,3480000.0
1,1.0,610.0,6150.0,425000.0
5,2.5,2786.0,6760.0,900000.0
3,1.0,1950.0,7686.0,562500.0
3,1.0,1580.0,3880.0,704950.0
2,1.5,900.0,0.0,455000.0
3,2.5,1757.0,1873.0,1155000.0
2,2.5,2349.0,3200.0,1775000.0
1,1.0,506.0,0.0,396000.0
2,2.5,3030.0,5381.0,2600000.0
4,3.5,3760.0,4720.0,2200000.0
2,2.0,840.0,1400.0,645000.0
1,1.0,588.0,0.37,335000.0
4,2.5,3480.0,5043.0,2150000.0
2,1.5,1065.0,1138.0,850000.0
2,1.5,917.0,5000.0,625000.0
1,1.0,603.0,0.0,450000.0
1,1.0,704.0,0.0,278000.0
2,2.5,2140.0,983.0,835000.0
2,1.5,1059.0,4001.0,499000.0
3,2.0,1500.0,4500.0,905000.0
2,2.0,1271.0,0.0,725000.0
1,1.0,862.0,0.0,430000.0
2,1.0,1660.0,6380.0,822000.0
3,2.5,1360.0,1001.0,719950.0
2,2.0,1345.0,0.0,700000.0
4,3.5,3500.0,4080.0,1720000.0
2,1.0,1070.0,7620.0,520000.0
4,5.5,2867.0,4550.0,1650000.0
4,2.5,2230.0,5878.0,1475000.0
2,1.5,900.0,0.0,549755.0
3,1.5,1892.0,1.08,692500.0
2,2.0,921.0,0.0,675000.0
4,3.0,2580.0,7200.0,1025000.0
3,2.5,2720.0,4609.0,1450000.0
3,3.0,2290.0,3000.0,1108000.0
3,2.5,2750.0,3750.0,1300000.0
3,1.0,1100.0,6000.0,505000.0
5,5.0,2260.0,6175.0,2100000.0
4,3.5,2970.0,5323.0,2334500.0
4,2.0,1840.0,7335.0,640000.0
4,3.0,3510.0,8268.0,1550000.0
2,2.0,916.0,0.0,545000.0
2,2.0,1162.0,0.0,730000.0
3,2.0,2330.0,5000.0,1160000.0
1,1.0,848.0,0.0,575000.0
2,2.0,1320.0,5000.0,841000.0
2,1.0,770.0,8604.0,250000.0
4,3.5,3140.0,3751.0,1825000.0
3,2.0,1360.0,6656.0,935000.0
2,1.0,960.0,8057.0,515000.0
4,1.0,1080.0,6755.0,565000.0
4,3.0,2360.0,9130.0,1100000.0
3,2.0,1550.0,795.0,699000.0
1,1.0,376.0,0.23,1000000.0
1,1.0,722.0,0.0,299000.0
2,1.0,790.0,0.0,615000.0
3,2.5,1600.0,1056.0,1150000.0
2,2.0,1338.0,0.0,700000.0
3,1.0,1240.0,6240.0,715000.0
2,2.5,1400.0,824.0,1062500.0
1,1.0,602.0,0.0,374000.0
4,3.5,4120.0,6950.0,1209000.0
4,2.0,1780.0,3650.0,965000.0
2,2.0,2270.0,6885.0,900000.0
3,1.5,1550.0,7628.0,699950.0
3,2.0,1281.0,625.0,670000.0
3,2.5,2760.0,6003.0,1565000.0
2,2.5,2030.0,7500.0,1200000.0
4,2.5,2210.0,5750.0,1225000.0
4,3.5,2023.0,3096.0,1325000.0
1,1.0,589.0,0.0,262000.0
3,2.5,2710.0,6840.0,880000.0
1,1.0,676.0,0.0,355000.0
2,1.0,1640.0,2200.0,740000.0
4,2.5,2020.0,7280.0,903000.0
3,3.0,2080.0,4720.0,819000.0
3,3.0,2000.0,3210.0,990000.0
2,1.0,740.0,6300.0,390000.0
2,1.0,987.0,0.0,660000.0
7,4.0,2540.0,3000.0,730000.0
3,2.5,1690.0,3264.0,780000.0
4,2.5,3190.0,4700.0,869000.0
4,1.0,1610.0,7200.0,885000.0
3,2.5,2130.0,3100.0,930000.0
3,2.5,1480.0,5183.0,890000.0
3,3.5,1430.0,1200.0,1000000.0
1,1.0,782.0,0.59,515000.0
5,2.0,2800.0,0.41,1210000.0
4,2.5,3530.0,6000.0,1100000.0
3,2.0,2160.0,4313.0,720000.0
3,2.0,2010.0,5618.0,850000.0
5,3.5,2527.0,3217.0,1023000.0
1,1.0,605.0,3.54,270000.0
5,3.5,3080.0,3600.0,2125000.0
3,2.5,2963.0,0.31,1480000.0
3,2.0,1939.0,4949.0,1450000.0
3,1.5,2280.0,5400.0,1610000.0
6,3.0,2870.0,3761.0,1030000.0
6,5.0,3910.0,9614.0,1300000.0
4,3.0,1999.0,800.0,1350000.0
2,1.5,1388.0,0.0,599000.0
7,4.0,2670.0,4183.0,845000.0
2,2.0,1810.0,9120.0,699000.0
3,2.5,1681.0,3.97,610000.0
3,2.5,1512.0,1119.0,755000.0
2,2.0,1090.0,0.92,327000.0
1,1.0,726.0,0.65,448900.0
3,2.0,1444.0,675.0,750000.0
4,2.5,2658.0,5038.0,1375888.0
2,1.5,1200.0,1271.0,730000.0
5,2.5,2280.0,7574.0,680000.0
4,2.5,2750.0,2250.0,849995.0
3,1.5,1650.0,3150.0,790000.0
3,2.5,1546.0,1600.0,720000.0
1,1.0,757.0,0.0,432500.0
5,3.5,4385.0,4950.0,3100000.0
4,2.0,2868.0,5250.0,1550000.0
2,2.0,1280.0,5000.0,875000.0
3,2.0,1279.0,4400.0,699000.0
4,2.0,2278.0,5080.0,1550000.0
1,1.0,376.0,0.23,1000000.0
3,2.0,1496.0,1.0,843000.0
4,1.0,2520.0,7475.0,875000.0
2,2.0,795.0,0.0,550000.0
3,3.0,2502.0,6401.0,995000.0
5,5.0,2920.0,4000.0,1625000.0
2,2.0,1130.0,622.0,775000.0
2,2.0,1310.0,586.0,815000.0
5,4.5,4060.0,8100.0,2095000.0
4,3.5,4460.0,1.66,2550000.0
4,2.0,2350.0,6950.0,715000.0
2,3.0,1230.0,0.0,619990.0
4,2.5,2420.0,6590.0,1310000.0
2,2.0,1570.0,6000.0,760000.0
1,1.0,608.0,0.68,423000.0
3,1.0,1950.0,2584.0,925000.0
4,5.5,4670.0,7635.0,3175000.0
1,1.0,647.0,0.0,485000.0
3,2.0,1140.0,3028.0,780000.0
3,3.0,2240.0,6700.0,650000.0
2,2.0,1061.0,0.0,380000.0
4,3.0,1991.0,806.0,1050000.0
3,2.5,1940.0,5962.0,1172000.0
2,1.5,2340.0,6705.0,1025000.0
4,5.0,1870.0,7980.0,700000.0
1,1.0,707.0,0.0,335000.0
2,2.5,1114.0,2450.0,850000.0
5,3.0,3540.0,0.25,1185000.0
4,2.0,2610.0,0.25,875000.0
2,2.0,1250.0,8331.0,850000.0
3,2.0,1920.0,6250.0,980000.0
3,2.5,1540.0,1116.0,875000.0
3,2.0,1460.0,2500.0,823000.0
2,2.0,1223.0,780.0,787950.0
3,2.5,2450.0,5000.0,1080000.0
1,1.0,702.0,0.27,426000.0
5,3.0,2170.0,2752.0,765000.0
2,1.0,1040.0,4500.0,875000.0
4,2.0,1670.0,9800.0,960000.0
4,3.0,2140.0,5400.0,805000.0
3,2.5,1650.0,1485.0,975000.0
2,1.5,735.0,7688.0,353500.0
4,3.5,3210.0,8919.0,1750000.0
4,1.0,2920.0,4820.0,899888.0
4,4.0,1240.0,3867.0,750000.0
4,2.5,2030.0,1744.0,1025000.0
2,1.0,1480.0,4400.0,675000.0
2,2.0,933.0,0.0,865000.0
1,1.0,777.0,0.0,244950.0
5,3.0,2869.0,7930.0,967000.0
3,2.0,1700.0,5750.0,835000.0
2,2.0,1024.0,0.0,510000.0
3,2.5,1550.0,1031.0,840000.0
5,2.5,2460.0,7216.0,755000.0
2,2.0,1170.0,638.0,774950.0
2,1.0,900.0,5250.0,750000.0
3,2.5,1210.0,1546.0,565000.0
4,3.0,3140.0,6604.0,1750000.0
2,1.0,798.0,0.0,370000.0
2,2.5,1134.0,1.0,520000.0
2,2.5,1954.0,1.0,1475000.0
3,3.5,2946.0,1.0,6250000.0
1,1.5,1244.0,0.0,970000.0
3,3.0,1710.0,0.0,659000.0
3,2.5,1440.0,1330.0,750000.0
3,3.5,1790.0,1800.0,1027000.0
3,2.0,2550.0,8253.0,650000.0
2,2.0,1940.0,4000.0,1505000.0
5,2.0,3080.0,6300.0,772500.0
3,2.0,1561.0,964.0,670000.0
2,2.0,1316.0,0.0,899000.0
4,2.5,2610.0,3520.0,1715000.0
3,1.0,960.0,9000.0,850000.0
3,3.0,2280.0,7362.0,1150000.0
2,2.0,1930.0,4000.0,900000.0
2,2.0,1125.0,1.36,424950.0
3,2.0,1699.0,0.0,1299000.0
1,1.0,730.0,0.0,330000.0
7,5.0,4190.0,4666.0,1513000.0
2,2.0,1170.0,991.0,600000.0
3,1.0,1935.0,3500.0,895000.0
3,2.5,1550.0,1132.0,1090000.0
3,2.5,1290.0,1474.0,585000.0
2,2.0,1202.0,0.0,790000.0
3,2.5,2420.0,4500.0,1048000.0
4,4.5,2190.0,4265.0,1499950.0
3,2.0,1850.0,4050.0,627000.0
2,1.0,970.0,0.0,397500.0
2,1.5,918.0,0.0,550000.0
2,2.0,1080.0,831.0,499950.0
1,1.0,831.0,0.0,415000.0
4,2.0,2140.0,6180.0,825000.0
3,2.0,1481.0,1316.0,1040000.0
4,4.0,2630.0,3600.0,2600000.0
4,2.0,1920.0,5500.0,670000.0
3,2.5,1870.0,5110.0,700000.0
5,2.0,2260.0,0.34,530000.0
3,1.0,1210.0,0.25,615000.0
3,1.0,3000.0,4485.0,706000.0
3,3.0,1560.0,5760.0,699950.0
1,1.0,684.0,0.0,693000.0
1,1.0,565.0,0.0,297500.0
2,2.0,2880.0,5700.0,1095000.0
3,1.0,1240.0,5931.0,675000.0
3,2.5,1468.0,1054.0,809950.0
4,3.5,2500.0,5000.0,1104000.0
3,3.0,2360.0,8480.0,1210000.0
6,4.5,3480.0,5000.0,2550000.0
4,3.5,2199.0,0.0,1560000.0
3,2.0,1730.0,7500.0,386000.0
3,1.5,2516.0,5960.0,1020000.0
4,4.0,4935.0,9600.0,1495000.0
2,2.0,1168.0,1189.0,639999.0
3,2.5,1604.0,1120.0,769999.0
3,2.5,1786.0,960.0,970000.0
2,2.0,1174.0,800.0,785000.0
2,1.0,1180.0,0.0,934050.0
2,2.0,770.0,6300.0,170000.0
4,2.5,2410.0,6000.0,2000000.0
3,1.5,1920.0,4000.0,975000.0
4,2.5,2610.0,6109.0,1160000.0
4,2.5,2680.0,6240.0,1800000.0
2,2.0,1710.0,7920.0,710000.0
4,3.0,2240.0,7700.0,840000.0
4,3.5,3500.0,5350.0,2000000.0
3,2.0,1703.0,1247.0,943000.0
3,2.0,2600.0,8160.0,1195000.0
3,2.0,1200.0,3500.0,685000.0
1,1.0,696.0,0.75,449000.0
3,1.0,840.0,6750.0,610000.0
4,2.0,2570.0,3840.0,1550000.0
4,3.0,2480.0,4500.0,1270000.0
4,3.5,2054.0,2050.0,1165000.0
4,2.5,1830.0,5162.0,1050000.0
5,3.5,2750.0,4200.0,2450000.0
3,1.0,1200.0,8869.0,2100000.0
4,3.0,2280.0,5000.0,1275000.0
2,3.0,1660.0,3094.0,1300000.0
4,2.5,3470.0,4000.0,1100000.0
2,2.0,867.0,1808.0,689000.0
1,1.5,801.0,0.0,500000.0
1,1.0,501.0,0.0,386000.0
4,3.5,2840.0,2957.0,720000.0
3,3.0,2010.0,7104.0,925000.0
2,2.0,1252.0,0.0,1525000.0
1,1.0,721.0,0.0,389000.0
3,2.0,1460.0,0.3,731250.0
3,2.5,1107.0,4120.0,877500.0
4,1.0,1400.0,7100.0,1025000.0
2,1.0,1437.0,3096.0,700000.0
3,3.0,3004.0,5123.0,1450000.0
1,1.0,700.0,0.0,410000.0
2,2.0,1122.0,0.0,565000.0
4,1.5,2344.0,4000.0,1222000.0
4,3.0,2960.0,6000.0,970000.0
2,2.0,1063.0,0.0,755000.0
1,1.0,674.0,1.14,465000.0
4,3.5,2510.0,1.0,1625000.0
2,1.0,680.0,0.31,510000.0
2,2.0,1450.0,2550.0,1050000.0
1,3.0,934.0,0.32,525000.0
5,3.0,2400.0,5029.0,745000.0
3,2.5,2740.0,4000.0,489000.0
5,2.0,2000.0,4625.0,1075000.0
2,2.0,1799.0,4950.0,755000.0
3,2.0,1740.0,6250.0,1425000.0
3,1.5,2370.0,4080.0,927000.0
4,3.5,3780.0,4360.0,1875000.0
2,1.5,755.0,0.0,500000.0
1,1.0,764.0,0.0,510000.0
3,3.0,2910.0,9612.0,1249900.0
3,3.0,1419.0,951.0,861955.0
4,2.0,2800.0,0.82,675000.0
3,1.5,1510.0,8138.0,725000.0
3,2.5,1520.0,1246.0,975000.0
3,2.5,1570.0,980.0,955000.0
2,2.0,1028.0,1650.0,700000.0
3,2.0,1660.0,5120.0,805000.0
5,3.5,3153.0,4837.0,2266000.0
2,1.0,875.0,3710.0,750000.0
3,2.5,1800.0,2516.0,655000.0
3,2.5,1510.0,3576.0,880000.0
2,2.0,1220.0,8060.0,585000.0
3,2.5,1630.0,4850.0,1060000.0
3,3.5,1319.0,1149.0,875000.0
3,2.5,2695.0,6324.0,1345000.0
3,4.0,3410.0,0.26,1702619.0
2,2.5,2094.0,4800.0,1500000.0
4,3.5,2380.0,4000.0,830000.0
3,3.5,2938.0,9224.0,1350000.0
2,1.5,1293.0,1070.0,779950.0
3,2.0,2730.0,7200.0,1150000.0
2,1.0,1120.0,1.0,1350000.0
3,1.0,1280.0,5000.0,875000.0
3,2.5,2350.0,6180.0,1625000.0
1,1.0,692.0,0.0,499950.0
3,1.5,1350.0,5750.0,665000.0
4,4.0,2895.0,2000.0,2206500.0
4,3.5,4420.0,4188.0,2350000.0
4,2.0,1740.0,3605.0,950000.0
1,1.0,547.0,0.0,264000.0
3,2.0,1200.0,5700.0,624950.0
3,2.0,1410.0,4387.0,1035000.0
3,1.0,1290.0,4600.0,412000.0
5,4.5,2920.0,5026.0,1000000.0
5,3.0,2310.0,0.23,680000.0
3,2.5,1810.0,9409.0,899000.0
4,1.5,1410.0,8453.0,827500.0
3,2.0,1800.0,7280.0,575000.0
4,3.0,2860.0,5000.0,1165000.0
2,2.0,2680.0,6097.0,749950.0
4,2.0,1860.0,5700.0,1350000.0
3,2.0,1340.0,6231.0,985000.0
3,1.0,1110.0,6350.0,505000.0
4,3.0,2527.0,4800.0,1375000.0
2,2.5,1057.0,8764.0,650000.0
3,2.5,1054.0,2246.0,815000.0
4,6.5,3400.0,6000.0,1550000.0
4,3.0,2290.0,0.42,685000.0
4,2.0,2260.0,4200.0,760000.0
3,3.0,2480.0,0.27,1595000.0
3,1.0,1240.0,7186.0,220000.0
2,2.0,1036.0,656.0,799950.0
2,1.0,1900.0,3600.0,1015000.0
4,2.5,1544.0,1561.0,975000.0
2,1.0,1160.0,6860.0,525000.0
3,3.0,1650.0,7883.0,591995.0
1,1.0,529.0,529.0,367000.0
4,3.0,2310.0,5120.0,1100000.0
4,2.5,2880.0,6210.0,1900000.0
1,1.5,540.0,6364.0,750000.0
1,1.0,645.0,0.0,515000.0
3,2.5,2275.0,3606.0,1528000.0
2,2.5,1250.0,1000.0,770000.0
5,3.5,5420.0,0.36,4655625.0
2,1.5,1088.0,1807.0,628000.0
5,4.5,5580.0,0.3,3800000.0
3,2.5,1390.0,1570.0,575000.0
3,2.5,2950.0,0.47,3105000.0
5,5.0,3010.0,4887.0,1807000.0
3,2.0,1301.0,3000.0,895000.0
